Sequence,GO_Term
TGGGACGAGGGTCCGCGAAATACCCGATAACTCTCATCGAATGAATTGCGTCGTCTACTTGATACTCTGCCCCAGCATACTGCTAACCTCCCAACATGTCAGATGCCTTTAGCACAATTGCGGCGTCAGCAAAACCTTTGTATC,GO:0005488
CTCCTCGTCTTATTTTTTTGATATTCGTTCATAAGGTTCAGAAAAGGCCTACATGAAACTTGTCGCGACCAAAAACATGATCTATAGTTCCTTGCGTTGTAAGGAGCCGGCCTGCTCGGTCACGTTCAATGCGAGACTTTATT,GO:0009987
TCGACTTATAATAGGGAGATATGATGATCCACTACGTGCAATATAAACGCCGCGGTACTTCGCCCTCTCCGCACCCACGAACTGGCTAGTCTTCAAGGAGCAATCACTCCGGCTGATC,GO:0005575
ATCGGCCCCATTTTCTGTTAATATGTTTCAAACGAGAGTTGCAGCTTAGATGCCGGGC,GO:0003674
TGGCGTCAAATCTCATATTCAAAATTTTTCAGTAAAGAAGAAAGAACGCTGCTATCCA,GO:0005575
CAGTCCTTTAAACTTTGAAAATACAGCTTCCCCGTCTATCTTTTCCGCCCCATTTCACAAGGGGATATTCCGGCTTTTCGCGTAGGACTTGT,GO:0003674
GCGGGCTGGGAAGGCTGGTTCTCCTGCATCGGGCATTTAGACTGCGGCAGAGAATTCGTTTAACTGGACGCGAATGTTTGTGCGAGGAACATCTCATCATCCAGTTCTTACATGGCATACTGCTGTCTGATCAACAACGTTTCTGCTCGAGCCTCATTACCGTTCA,GO:0005488
CACTACGCCCACCTGGACATACATCTACGCCTCGTAGCTCCGCGCGTAGTCCGACTAGTCCATTCCGTCGTTAGGACCTAGTAGATACGCCCCTTATGGAACACTATTCTTTCGAACGTTTTAGGCGAGGCCATTC,GO:0005488
GCATCGGACGGATAGACTTTGCGGGGTGCGCCCGCGCTAAGTGCTATCCGCCGGAAATGGTGCCAAGACTTAGCCATCAACGTCTAAGTTGTCGCTGACCCCGTAGTCGTTCCTACAACGGTTGCCCGCCACAAATCTGT,GO:0005488
GGTGTTTAGTTAAGGGCGTTCGCCTTAATAGATAGTTCTCAGAAGATATCATAGTGCGCAGAAAGCGAAGTCTCGTTATATGTGTGGTCTC,GO:0005488
ATTCCAAGGCATACGTTAATCTCACTTCGCGAAATGCGCTAGTATCACAGCGTCGAAATCTCCAAGGGGTTTACAAGGTCTTCCGCCAAGCAACCGAACGTTTT,GO:0005488
TTCAATCCATGACATGTCCAAGGAGTTGTGGGTTTCAATACGACTAGCTCGTTTTGTACCAGTATGATCCCATGTATCAGTGTATACCCCACTCAGTAGTGCCCCAGCGGGACCAGAACTGTAGGAGAGGAGCAGCCACACGTGGGCCTGTCCTGATCGTGTTCATGTTCTGAATCGTTAATTTGGTCGCTGGCCCAAAC,GO:0005575
CGAACGTTATATAACCACCCATAATCGGTGCGTCCCAGATTTCCAGTCCGAGGGATTGTCAATAGGAATGATATCCACGCACAATACTCTATGACCTCTGGGAGGCTCCAGCAATTGTACTCGTTGGACCCAATTTCCACATAGCCCGGGGTATCAACTTACCTCAATGGTTCCCCGAACTAAGAC,GO:0005488
AAAATGATTTTAGCGTCATAACTCTCAGAGGTGTTATGAGACGTGCCAAGTGAAATCCACTGAGTACTGGCGACGAGACCGATCTCATTAGTCCAGCTGTACGGCCACAGCATGTGCACCTGGACCCCACGGTATGTCAACCGCCATCTATGACCGATTGACCGATTCAACTGGTTACCGCGCGT,GO:0003674
ATCCGCTTCGCTTCAAGTAACTGGTTCGATGGCGACTAGATCTCTTTATCACTAATGGCTCCCAGTGTAGGCCATGGGAGGCTCCGCCCTCACTCCGTTTGTCCCCACGAAGATGGGGAG,GO:0003674
TGATAATTAAATGCAGGGAGCTACGTATCGGCGCATACGTGTGAGATAGGGTACACATTCGCAAACGCGTGGCCTGAAAACCCGGTCAAGCTATTGGATTAATGGCCAGACTCGAAGAAACATGATGGGGTATGAGAGTGGGACGCCGATCTCG,GO:0009987
CCACCCATAGACTTTTAACAGTGTTACCCTGTGCTCTAGAATGCTTTCGCTCGGGGGTGTAGTAGATCGCAATCATATAACATTAGTCGAAGTCAATGGGG,GO:0009987
GATGGTGACATCTTTACAGAGATTCGGGCGCCTCTCACCTACGCTGTTTGCTTGCCGCTGCTGGGGGACACGGTGAAACGTCGGGGTCTATGCCTGATGACCATCAACGATGGGTCATATTGCCCGGAGTCCGCCACTACGCGAACCCGTCAAATAGGGTGTAGAGAG,GO:0009987
CACCTCTCCCTAACACGAAACTCGTGTGACCTCGTAGGAAGACCACGCTCCGGCTCAAGTCGAAAGTGACAG,GO:0009987
AAACCTAGTTACTACTGCACTTGCATCATGTGTCCGACAGGGCCAGCCAGC,GO:0009987
TGATAAACAATATGATCTGAAGTCTGAATGTGTCGAGCAATTGTGGAAGTCTGTGCCCTTAGGTAGGCATAACTGCTCAAGGCCCCCCCCCGACGGTTTAG,GO:0003674
TACAGCCGAGCAGGCATGGCTAGGATGCTGCTATACTCAAATCCTCATGTGTCGAATTCTTTTGCACGCGGATGGCCAGATAGATAACATAGACAACGGAGAACTTGTTATACGCCTCTTATATGTATGAGTTGCGGGTCCCT,GO:0003674
CGTGTGCGGTCCGGATAGGCATTGGGACCGCTCTACCTCGCCATGGTCACGCAGAGCGCAGCATCCAATGGCCCTTCTCAGGCTTTAAGTTTAATGAAGATCATGTGGAGTATTTATTCGGAAAAGCGCTCCTTTCCCTGCTGGAACAGGAATCTCCATGTATATTGAAACTC,GO:0008150
ACCTCAGTGCTACCAGTGGATTAGCGGCCACTAGTTATTCCGAAACTACCTTGCATCTAAATATGTCCGTCCTGCACTTCCCCTG,GO:0003674
AGCGATACAATCAGCACAGGCTTTACATTTGGACTACATTCCAACAAAAGCACTCCAAGCCACCTGATTTGGCCCCCC,GO:0008150
TCGTCTGGCTCATAGGGACCATGCACAGAAAAAGGCGGAGAACTTGGCCTAGACACAGCCC,GO:0005575
TATCCAAATCATCTGCCGTCCGTACGGGGACATTGCGGCGCTATAACATGAGATCTCTCCGGGACGAACATAGCCACTCTCCCACAGCCCTTCAGATTCATTCGAAACGAGGTTCCGTGTAATGCAGGAACGATCAC,GO:0003674
TGCCATACTTACGGACATGGGGAATCACCCCTTGTCTGTCCTACTTACGCGTACCCGAGGTCACGTCGGTTATCTGGGCTTAGAACAGAAAACCTGGACAAACTTGA,GO:0003674
ATCTCCGCCTTGTCCTGATTGAGGACCATCGGCTGATGGTTAAACTGTCCTAACCGCGTTATGTGTACTCGCGGGGAATGAAGTGTACATGTGGCATGCCC,GO:0005575
GCGTCTGGAGTCAGTGCCTACGGTAGATCTGGATACAATAAGAACAACGGGATCATTAGAGCGCCAATTCCTTGCGTGGCGCTTACCTTC,GO:0008150
TATCCGGCGCTGCTCGGTCTGATATTGTGTCAATGGGAAAAATGACTCCGTTTCACGACCTAGACCATCCCGTCATATTGTGTTCATGTCGGGAGATTAGGGACCGTCGTACATTCAAGTCCCGTGGGTGCCCCCGCTGGCTCT,GO:0009987
TCGCCTCTGCCAGCCGGTAGTTTGCCCAGAAAGAAAAGTAAACGCCGGGTAAATCTACTGGCGCGTCGTCGCCCGCCGCGATCACCCACCACCACGCACCCTCATCAGTCTAAGGGACGTCAGTATCACAGACGGCGGTTGATATATTG,GO:0003674
TAGATTGATGCCAGCCAATGAAATCCCTAAACTCGAGGATATGAAATGTAGTCAGTATTAGTGGGAACTGAAGGAAACCCGCCTGAGTCAGAACTTGATCCGACTCAAGACATCCAACGCAAGCATATATAGCAGAGATGTCATGCA,GO:0008150
TTGAACGTTTATTGAGCGTAGGATTCTTTTATTACTTTTACCTGACTACTGGTGCAGTGGAGCGGCATCATAGTATATTAACGTGTGTTTGGCTGAAGCCTCAATTGTTAAGCAAGGAGCTAATTAAGGTTAATGCAAGCCTAGTCCTGGCGCCCCCTAAGAACGCAACTCCCTACTATCCCGCCTCGAC,GO:0005575
TGTCGAGCTCTGAACCGCACGAGATACGCCTTAATGTGATTATTCCATAAGATTTTAGGTCAACGGCAACTGACGCAAGTGATTGCCGTCCGCTGCAGGTAGTCACTCCTCAGAGGCGACATTG,GO:0003674
ACAGGGGCTCAATACGGGACCGACACTGTCGGGCTTTGTTCGAGGTATCTCTTTCAATAAATTCCGGGCTACCAGCACAGACTAACAAAGTGGGACGCAGAGAAAGTATCT,GO:0009987
TCGAGATCACGTCCCAGATCGATAATCGTGGGGCGTGGGATCTTATGAAAGTTCT,GO:0005575
CGCTGACTGCCACATACGCGAGCTACCGTCGCTAAGGGATTAGGCTGGACTGCCGCTGGAATTACAGGTAGAGTCG,GO:0005575
AGCTGGGTTCGAATATTGGGAATCGCGCTTTGAGATCACTCCCCTCGACCGCCTTAAGGTAATTCCAGGTCCTGGGCTGTGGTCCGGTAAAGTGTAGCACATCTTAGGTGCGTCGAGTAAGAGTGGGTGTCCGGCAGTTCTACGTATCCAAAGATTCTCTGTGCGTAATGAGA,GO:0009987
TACACACTGGAACGTAAAGTATACGGTGCTAGGTCAAGAATTTTCCGTATTTAGGTGATGGCATGATCAGCCTGCCTGGGAAAAGGCGCCGATAAACGCACATAGAGGCTCGTTGGCTGAAAAGTGTCTCACCGTTTTTTCGTGCATTAGTCAGGGTGAATACGTGGTGGCAACCCGTAT,GO:0009987
CAGCACATTAAGTCCGAACACACCGTACTGCTTTAGTGTTAAAAACGTTACTCGGGATCAAC,GO:0003674
ATTCTAAGGTGGACAGACTTAAGCCCTGAAAGGTTGCTTCGGGAATGGCAAGGACCCCAAGACTATTGATACACGTCACTGGCATGCAGTGCCGCATGACTATGGGCTTGGAT,GO:0008150
GGGGTCAGTCCCAAACACACACAAACACATTGCACGTAAGTAGCAGACCTCAGTGGGTGCACACGCA,GO:0009987
ACAAGGTGTCCCGCGCGGGTGTGTGTGTCAGTTTCTAGAGTGCCAATCGGTTCGTGAAGCTATATCTATTGGTTATGAGGATACCAAATGGGAAAGTCTTTCATAGTAGTGAGCGGTCGCTCTAGAGTTG,GO:0003674
CGATAGTGAGGCGTCTTTCTCCAGGGTGTCCGCCAGACACTGTATCTGGTCTGTTAGTGTCCAAATCTGCCTGGAGCTGGTGGGCTCGGCGTATGCGAGAGGTGTGTTAACGC,GO:0005488
GGTACGCCGTAAGTAGAGCCAGGGTACGTCCGGTAGGGTGTTCCCATGAAGACCGCTCAAATTAATGACGCGCGTAACATCTCACAC,GO:0003674
GATCTGAGCCCGGCCTTAGCCAAGATTTAGAGTCCCTATTCTTTTCAATACCAGATACGTGGTTGATCCTAACCGCAAATCGACAGTAGTTGTGGGGTGAGAGTTAGCCTAACGTCTTCACAGAC,GO:0005488
CGATTCCGAAGCTAACAGAGACGACTCGGACGACCATAAGTGTTTTATCTCATCAGGTCTCTAGGGCTACTTGACTTCACCTGCAGTCTCACAAAAGATCCAATACCCTTTCGGATCCCGGAAAGTTCTTCACGATCGACCTCTGCATTGATTAGCTTACAGCGTGGACACCAATTGTAG,GO:0003674
GTAGAAAAACAATAAAAGTTGCGTCGAGTATCAGTATTAGACAACGCGACGCACGTGTCGCTGCCGATTACTAGATAAGACAGCATTGTGTTACCTCGTACACTTGTCCGGTACCATTCATCGTATGCCCATTAGTCGATAGGTGCGGTCATCAGAAGATGTCGCAGT,GO:0003674
AAGTTAGGTCAGTGTCCTCGTCGATCCATTCGCCCGGGACAATTCGCATCACAAATGTTAGGAACTATCTACTCGACTTCTATTTGCCCGTGAGGGATTGATCCGGTCCCGGGAGAGC,GO:0005575
CTGGCCTAAATCCGAGGACGTCGAGCCTTTCGAGGCCCCAATCACACACGGAGCGCTTGGCGCTTAGTAGCAGCTTGGACCACAGACTGTTTATATGTAGGCCGTATAGTGTCGGTGTCTGGAATCCTCCTC,GO:0005575
ACGCGGGAGCGGCGCAACGAAATATATTACAAATCTCGAGATTAGCTGCGGTGCGGCA,GO:0008150
GAGGTTAGTTCAGTTCCGCGTGGGACCCTATTGACAAGGTATGTACGGCGAGCTGCGATTCATGTCCAGGGACTGATACACACTC,GO:0003674
GATAGCAGCCGTCAGGGAAATAAGGCGTAAGCTGGTGCTTACTCACGGCCCAGAGTCGGAAAAGACTGTACGATAACTACCCCCAACGGGCCTTATTGTCACGTATGGGGAACTACGGGTCGCGCCGGCCCGTTTGGCCAGTGCGGTTAAAAAGGTCGCCT,GO:0005575
TGGCGAGCGAGAGTTTCCGTAACCACGAATACGTTTGTTCCTAATTACCATACCTAACGTGCGGACTACCAATGGTAGTACCACCGTCACCTTTTTTAGTACAGTAAGCGACGTTTGGGCGTGGAGCGGACCGCATCAAGACTGATTGCTTCCGCAATTGTGGTTTAATTTTGCACTAACCCC,GO:0005575
GCGGGCCCATCTGAGTTTCCTGCTAAAGCTTCCCGCATCGAACCCGCAATGTACGTGTCCTGAACTCAGGACATGGGAGTGAACCAAAACGCAATGATTCCCAGTTCCGTCGCGGCTGTACGACAGGTGAACCGCTCCCGTAGGCTTATCTGAGAGACTTCTACCAAACGCGATCTTGC,GO:0005488
CCATCTATCAGAATGGTCCTGATATATACTACACCCCGCACCTTCAATTACGCCAACTGCGTGGACAGTGCC,GO:0005488
TTCCGTGCGGGGGAAGCCGAAGATTCGTTATACAGTTACGCGTAGACGCGTGCGGTTATATTGTAGTTTGTGTTACGATTGACAGTGACGCA,GO:0005488
AGCTCCGGAGCATACCCAGATGTAGGAATCAGGGTAAAACCGCCCGGCCCATTGGAGACCTGCCAGTTTTTTAGTAATATTCAGGTAGCCCAGGTGACACGGTGCTGTAGAGCAT,GO:0009987
AGAGCGGATCTCGTTGATTATAGTAATGGCCATGTCAGGGTACACTGCTCGCCAATCCAGGTTCGCCCCAACGGTTTCGGC,GO:0003674
GCGCTCTTCAATACCTTCGGGCTTGCTAGTTTGCCGTGGGCAATACTCAGTGAGCCCCAGCGAGACTACACGCGTATCCAATACGCGCAGTACTGCAAAGCCCAAATGCCCCCATTGGCAGCCCCTGCCGAAGTTC,GO:0003674
TCCACTAAGTACGGCTCGAGGACCATCGGCAAGCTGCTGGTGTACCGGTGAATCGTATGAATGCTGCTGAAATGATTACT,GO:0005575
TTGCGATCTGGGGCCAAGAACAAGTTCGCAGCCACTTGAAACTCTTAATGCGGTGCGAG,GO:0005575
ATTGGCCATAAGATCTTGCCCACTTCGATTTTTGGTCAAGCCCCGTCGCGGATTC,GO:0008150
GGGCCACCATTCTGTAGTTGCTTCACATTTTGTTATGTCTATCCAAATGGGACCTATTTCAGCGTCAGAGTTTTCATCG,GO:0008150
CACCGTGTGTAACTAGTAGCCCCGTGTGACGCTATTAGTAGGGGTGCGATGAGGTCACATCAGCACAGGACGGAAGGCATCGGGAAAATTTGAGTTGCGTCTGAGCTAACCTGCTGTGTTCACCTGGTTAAGTAAGAGACTCCTGACGTACGCTGCAAGTACGCTCGGGTACCCATTGC,GO:0009987
CAGAGACCCCGTCGGCACCTGATAGGGCTGATCGGTTGTTGGGTTGTATCGAGTCAGATAGTGACAACCTCTAAGACGAAACTTCAGATGCCTCCGACGAAGAAAGAACCTGTACGGCACCATTTCCTAAGCCGGGTGGCAAACTACAATGGT,GO:0008150
AACTAATGAGCATATAATGTAACACATCGAAGCTGTATTCAGGATAGAGCGTGAATTTAGGTTCCTAATTCGGGATAAAGCCTGACTCAAGTCGGGGTGCGCGGGAGATCGCACGAGATTACCGCTTAGTCCGGTAAGGTTCCCCCACTTGGTGCCCGTCACCGCCACATTGACTCTCTCCTGGTAATAGC,GO:0003674
GTAGATTTCGATGGTATCAGAACCTGATGTCAGCCGTGAAGATTAATCCGGTTAGTTTATCTTGGTTGGAGCCTAGGAATCAGCCAGGCCTCGAGAGCACTCGTATGCCGCCTTCTCCGCCCCCCACAATAAGTGCGACTTGGGATTCCTTGGGAAGGGTAGTCCGTTTTATTGACTTGTACGTAGATGCGAGTACCA,GO:0005575
CTCCCAGTAAGACAAGCAGCATTAACGCTTAGCACATCGTAGTCGGGGAAAATCACACGCAATGCAAGG,GO:0008150
ATTTGGATAGCTTTCTCCCCTGCAGTACAGTCTATTCCAAATTCGTCCTAAAATGCCTGTGCATAGGAGTTCAGGTTGGATCAGGATGCCC,GO:0008150
TCTCCACTTCCTCTCTCTGACACGTGTTTTCGCTCGTCCGCCCCTATGGCGGCGCGCACTACATTCTTCCCCGTCTAATTTACACAGTGGCCCATGGTGTCCGAATGCTAAAGAACGCATACACCTAACAAAGCACACCCAGCAAGGCGGACGAGCTTCCTAGGCGCTAGCA,GO:0009987
ACTTCCAGTATAGACTTGTTTGATCGATTCTACACGCACTGACAGGGCCCATTGATCACGCGCAT,GO:0005488
TTTTGACGTCAGACTGATATGTAACTGTGCGCGACCTTAGTGTGGCACCGCCTCTCA,GO:0009987
TTAGGTATCTCCATAGATAAGGGATCGATGCACATACGGGAAGGAGAATAACGACTTTAAGATGCTATCGAGCGAGCCTAATAAAGCGACGTAACGACTCAAGTAGGGTACCCAACGTATCAAATTACATCTCCACCGATGACCGCTGTATCGTCTCTCGGGCGTGATCCGTGG,GO:0008150
GGCAGTTCAGGGTCCGTACACCAGAATTGATGGGTCAGACTTTACGCTCTAATCCGCGGACAAAGCCTACCCCACTATCTTACCGATCAACAAGTGGTCGGTTCAGTCTCTACTGTAACACCTT,GO:0005488
TTCAGTGCTCAAGGTCCTTAATGTGCAGCCCCCCTGTCAGCGGCGACGAATCCATGCCTTCCCCCGACGTCCGATTCGGTGTTGCTGGGGCACATCCTACACACTCCGAGAGTCAGTATTAAAATGCCATGGGGGAGTTCTCGAGAATTGCATTGGCATAGGGTCCCCTGGCTTCACGTAAGTG,GO:0005488
TCAGGAGAGGTTATTATGCGGCTAAAAAGGTGCCAGTGACGTGAAATGAATGGGACTAGAATCCAAGCGCTCTATGTAGGGGATCCTCCGCTGGACAACGTACGTTAGA,GO:0005575
CTTGTTATCTAGGTAGAAGATTACACAAAGGGCAAAGCCAGACCCATGGTGGATACACCAACTGTGCAAATTCGCGGGACGCCCGCTTCA,GO:0003674
CCGCAATTTTACCTACTACAAGACAATGGAGTGCATCAGTGGGTCCCCTAGCTAGTAAGGTGACATCGCTGGCATTGCTTGTCG,GO:0005575
GACATCTGCACTCGTACCTCAATTCAAACATAGGGCGATAAGTAACCCAGTCGTTTTACAGTGGTGTGAACATTTCCAGGGGACTAGAACTACCCTGCCTTAAT,GO:0005575
TGCCCGTCCGATCTTCTCAACGGACCAGCCCCGTTCAATCGTTTACATGTTGTGACCAATATAGCCGCTCACCCGCTAGGTGTTAGCCCAACCTCGGTCACCGCATTATTGTTCAGGCACGACCCAAATTCTGGCATCACCTTCTTCATCTTTTATGGTCGCCAGTTAAATAGT,GO:0009987
GAACCTGTGTTCGTGTTCAATGGCTTTGACATGAGATCCTCTGACAAATTGCGAGTTACATGACGGACCACCCGAGGGTAAGTCCCGACGTAAAGCCTCAGTTAGCATAGGCCACGGTTCGCTCTGCATCTCTAGAGGTTCGAAATTCACTAGTCGCGACCTAACAGGACTTTTAATAAAGAT,GO:0005575
CGCAGCCTTGAAATTAACTCACTCGGTCTTCAGCTAACCCTGCAGTAGAAGACTGAGCGCTCTTGGACTGTAATTAGGAGCGGTTCCCAGTAGGGAGGCGA,GO:0009987
ACATTACAGTAAAGTGATTCGCCTAGGTTCGCCTTCTAAAGGTCGCAAAAACC,GO:0009987
CGGGTTTCACACATCTTAAATAGTGGGATATCTCAAAGAAGGAACGCGCCCTGGGACTCCG,GO:0005488
AATGACCCTGAGTTCTATGTGTTGCTCCATGGCGACCCTCTCAGGCGAAGGACAAGGAAGGTGAGAACGATGCTGAAACCTCGCTCCGAGTAGTACATGAGGAGCATAGGAGGTTAACGGCAATCTCTGGGTCCCCGCTAAAGGATGGTCTATGCTAG,GO:0005575
TCTCTCACCCGAACTGCCGCAATAGGAGTCCAATAAGCAGGCTATTCTATGGCTAATCGCAAGTTGCTCTCAAGAGCCCCGTCGATTCTTGTAGGCAAGAGTTGCTGTCGTCACAACCCACAAACTACGATACCGCATAACATCCGACGCGCTAAGAACTTGTTCCTAAGTGGCTTTCGGCAGGTCGACTGCCCTCCCG,GO:0005575
CCGGTGTTCGGCAAAACGGGTCGGTCGCACAGATTGTCCTAGCTCCAAAACTCTAATACTCATTCTACACCACAGGAGGTGCAATCCTTGCGATCGTCCAAGTTTGAGGCAGTATAATCGTTACGAATCAAATT,GO:0005488
ATGAGTATTCCAGCCATTGTATACATACGTCCGACAGCGAACATACCCACACGTTCGTAGTCGAATAGGTGAGACGATACCCGGTGTCGTCGGTATACTGAGGTAGCAGTAGAAACTCCACTCCCTCACTAAGGCTTACACTCCCGTGAGCATCGCGTGGGATGGTCTCTC,GO:0008150
AGCCTAAGTTTCTCATGGGAGGGCTCGTCACCCTGAGCTTTTACACCTTGCAGCTGTGCAAAATAGCACGCCTGATGCGCTGCTCCCGAACCGGGCTCGCTAGCAAAC,GO:0008150
AACTCGCCGTCCAGAAGCGTAGTGGACCGCCGGACCCAATTCAGTCTGTTTACTAGTGGATCATTTCCCCTCCGGATCTCACTCAGTAGGCTTATTAAAAGTTATGACATCTACTATTAATCGCGCTACTCCCTATGGCGGCCAAGGACACTGAGTTAACTGGATTAAATTTGGGAACGGTATTCG,GO:0005575
TACAAGTATATTCGCGTGGTATTCAGACCATGTGGGCCATCCTATAGCATGTACGAGGCTC,GO:0005575
CTGGGACCCCCGTTGTACATACAGTATTTCAATCTTAGGTGAAAGCCGTAAATACACTGCGATACTAACGCTATAGTCACGATGCGTCGCCG,GO:0005488
AGAGCCAGATACAACAGGTGTAATTTATGTCATTATGCAGCAACATTTCTAGGCGTGTCCGTCATACGCTCACCGGTGGCACGATGGAGAGAGTTACGTGACTCTCGAAATTTGTTAATTTGCTTTTAGATCTGTCATAGAAATGGCTCCCAA,GO:0009987
GATGTTATCGCAACAAATTATTCTCTTGACCCCAATTACCATCATTCATGTATGCGTTTAAGTCCGGTTCATTTACGTGGAACTTCAGG,GO:0003674
GAATCCATGAAGGCGTTGCGTTCGCACCCTGATTGTGGCATCCAAACGTTGGAAAGTAGTTACCGACTAAGGGCAATGCCATATCGAATGCTGAGTCAATCCGCGAGCGTTTGAGCACGTATACCTCGTCCAGCATAGACTTCCATG,GO:0005575
CCGTCCTGATTACAAACGGATCAGAACAGCTTCCTACACAGATCGTCGAGCTTTCTGCGAGAGGCGGAATGTGTAGGGTTATCTTTGGTACGGT,GO:0005575
ATGACGCCAGGTCGAGGCGAGTGCGCACTACACATCGAGAACAGAACTCTAAGGAGTATTTCACCAACACTCAGTTGCCAACAGGATC,GO:0005488
ATTATGGGGAAGTCAGATGGCATGACGATCCAGGAACAGGCAATAGGCAAGTCTGGGCTCGGCCGTGGTGCGCG,GO:0008150
GACGCGTAAGTCATACAGAGGGCAAGTTGTGGTTTGGTGTTCCTTCTAACTGAAGC,GO:0005488
TGCTTTACTTGCTGTCGGTAATCGTCTGGCCGCAAAATAGGCAAGATTATCGATTCCTCAGCTTCAAATGCGTCATGGGTCTGCATTTCGACTATTCGCCTGTAGTATTCGGGAGAGTTAGATGAATCTCAGTTAGATATGACCATAGCAGAAGGGGCCACATGTCGTATCCATGG,GO:0009987
TAATAATTAGGTTGAGATGTCTCTTGCTAGGGTGACGAATGCGTCAATTTATCTTACAGCTCCAGGGAATCTGGCCGTATGGGAAGCCTAGGCTGGTCGGCCCGCGAATGTTGCTAAGTTTC,GO:0005488
ACCTGAGTATCCCGTCGAAACCATGCACGTATTTATCTATCAACGTTCAG,GO:0005575
ACAGGGCTCCTTCAACGGAGACTCACGCTTAACCATAAACAAAGAGGCCTCATGCTGATACATGTTCCGGATGTTTTTGCAGGAGCCGATCAGGATAATATATACCGTCCCGAATATACAGAACT,GO:0008150
TGGCCCACCCTAGGCCTTCACCTGTTCAGAACCGCCGTCTCTTCGGCATGAGGACAATCAGCACCTTTATTTAGAGTTGACGCGAAACTCCCGGGGATACTGACAATCTTTGACTGAATAGAGATGACACGCGTTCCTACGCTTAAACAAAGCAACAGTCCACGCTTACGAAACCTAACA,GO:0005575
TTCCCACGACTTTCATAGCCGAGGTCTATGACCTACGGCAACTCCGTCGACATAGAGCCGAGTCGATCG,GO:0005575
AGTGCACTCCTTTGTACCGTAGCACTGACGACGCGCTGGTCGAATGGGAGCTCATAAACAGACCAGTATTGTTTACAGTGGGGGCATCCAGCGAAAAGACCTATATGGGCGAGACCTCTAATGGTTTACAGCATCTGACAACGGTTAATACAGTCAGATAACCCATAATCCTGGAACCGTCCA,GO:0005488
ACGGCGACCTTTGCCCAATGCTTTGGTGCTATGAGGGCCTTTTGACACATCTCTCCTGGA,GO:0009987
GAAGTGCTCGAAAATCGGACGGGAGACACAACCTATCCATAATAGATATCGG,GO:0005575
GACATTTCAGACGTAACAGCAGCTTATCTCCGCTCTAGCTCCCGTTCGGCCAGGTGTTTAATTTTATTGACCC,GO:0008150
ATTGAGAAGTGAGCCGAGCTTGGAGGCCAAAATCTGTCAACAGAGGCTCTGCCCCTCTTTCCT,GO:0005575
CAAGCCACATGGATTGCTGCCACTTTATGGAGGCCTCAGCCCATCCTCCACAGCCCGGCAGGAAATAAGTTCACGAGCATAAATA,GO:0005575
CTAGCTACCTTTATATTTCGATAGACATCTAGGTCGTCCCCCGGAACAACGAACGCCCAAGGATATTAACTTTCGGATCGCCGTACCCTTTAGAGGTCTCTAAGCTG,GO:0008150
ACAGCTATGAACCACGCGACCGATATGCTGCTAAAGGTCCCTCGGAGGCAGCGCACCCGGGGATTTCGCTATTAAAGTATCGAAAGTCCCCTCAAGTTGAGCGGCGCATCCGTACACGTCACGTTAGTCAGTCTGCTTGTTTCAGGCCGCACAAAGT,GO:0008150
GACCCCTCGTTCAACTACACACGTCAAGTGTTGACTACGTTGTACGCGTCGGTCGAGCTCAAAGCGTTCTGGCATTGCTCCTTTAGTGTAACGGGGGACCGAGTGTGACTTCCCAATAAGATACTCACGCATCGGGCG,GO:0008150
TAAATGTCTGGTATGCCAAGGCCAACGGAGACACTCGTCTCAAGATCACTCCAGCTTTCCTAGGACTGCCTCGGATCACCGTTATAGACGTTGTGGCTTGTACTACGAGGGACGGCTCAGGCCGAAGGTGTTGCGGCGACTGCACCTTTTGATCTGAAATGGAAGTACCATGATCTACTAACAT,GO:0003674
TTTGCGGATCCATCCATTTAGCGGCATAACGCGGGAATACGCAGGCGTGAACAAATTATGGCATGGTCTGCCAGAGCGGACGATAGTCCACGTCAGTATGCCCCGACCAGG,GO:0005488
AAAACGCACTTTTATTGCTCCAATCCTCAATGCATATGGGGTCGAGGTATACTGCCGTACTTACTAAACGTTGATGTCCTCAGCTCAGCTGATGAC,GO:0009987
TTATCTCCGAGCAATACGGTAGATCGTGTCTCGCCCCGTGACCGCTCGTTTGATACGAAAGCCTAAGGCGAGGTATTACAACCCTATACGCGACATATCGATAACGTTAGGTATCGCTCACTGATGGCGATAAACCTAGCTATGTTCCCAGGCGCGATCCTTGCTCATTACTCTGCCAAGAGTACCGAGTGC,GO:0009987
CCTCGCGCCTTTGTGGTACTAAGCTTCGGTCCCTTTGGTCGCTGTAGGTAGGTATCCTCAGGCCCTCGCTTGGCCCTATATCGAGTCCCTCTCTATATGCTTGACTTCGTGTTGTGCTGGGATAGCTAATGTGTGAACCTCTGGAATTACTAGATAGACGAGGAACCTACCTCTAGCGACTCGGTAAGTACA,GO:0005575
TCTGGATGCTAGGGTCTAATAATGTAAATTGAGTATAGGCTCTGGTATATCACGAATGAACGAGCCCCAAGCGTACCCTTCACGCCAGTCCTGGACATGTC,GO:0003674
CATCCGCTACGTGGGCTACCTAACCATACTCTCGGATCCGGGGAGTCTGTTCCGCGCTGAGCGGGAGCCTGAGCTTAGATTTGATTGTTTACAGGACAGGCCAATGCAAGACTTGGTTAAAGATGCTTGTCGTATATTCACTCATGTCATTTCGTTACCAT,GO:0009987
GCTTTACCCTCTCGGCAAAGACTGAACTTATGCCAGATGCTGGTGTAGAGTCGAAGATAACCGGAAGCGTCGTAACGGGTAAACGTAGCTTTGGACAGAA,GO:0005488
ACCACGGTTCTATTTATGTTGTGCTAGTCCCTCACCCTTAGTCGTTTCGAGGGATGCACGACGGTTGCACGTCCAGGTACTGCGGCTTCCTCACCATGCACAAATGTGAAATTCGTGAGTTCTCCTGATATAA,GO:0003674
CTCGCTGTTGTTCCACAAAAATACAGTAGATGATGAGCGGGTGTACTACAACTCTATTTGGTATCGCTTTTGCGATCTCGCCTGGGCGTAAATCCGTCGCCGCCCTGGAGGAACTGCCGCTTGCGGTCCCGGGTACTTACACGACCTTAAGTTCATTTGTGAGGGTGTCGTAACATGTCCCCAA,GO:0005575
TAGGAGATTAATCTCCCAGCCAGAGGATCGGTTGCGAGCCCATAACCCTAAGAAAACCAATACCGAATCGGCGCCAGGCGTGGATCATGAGCTTTAGTCAACCACCTAGCTACCTTCTGGAAGTTATACAACTGCTCATCGGAACGAATTCGGCGGCT,GO:0005575
ATAGATGTATTATTTTCATCTTTCTTTAAGTTAGGCTTGGCATCCTTGAACCACTCGCCGCACCCTAATAACGTCTACAGCAAATGCTTTTGACTC,GO:0005575
GTGTCTTTCGACTGACGGCCGGCAATCAGCCGACCATTAGCCCCTGTACTGACGTATGACAAAGTGCCCACCAGACAGCTACAATCCCCTAAAGAAACTAGGGGTGATTATTAGCAAGCGCCAACCCCCTAAGGTGGTCGAAGGTCTGT,GO:0009987
GTGGGCATAGCGACGGTCTACGGAAACATACTAACTTATTAAGCATGAGTTTGCCCCG,GO:0005575
AGAAGCCTCCCCGGTAAGGCAAGGGGGTAGGATAGGGCTTCCCGAAGCCCACATTGCTTATATCCATTGTGATCTGGTAGGCTTTCTGACGATCTGGCTGTCATCGGCGAGGCCTTTGTC,GO:0003674
GTTATGGTGATGAGCCGGAGGCGCAGTAGGCACTTATGACACTCGGTCTCGATGGCAATCAATGAGCTGCAGCTAAAAAATCTTGCTGTAGTCTTTAATGTCCTAATTGCAGACAGTG,GO:0003674
GATGAGTGTCCCTAGTTCTGATTGAGAATGCAGACAATAGAATCTTCCAGGTTCTGGACGTGGGGATCTAGGCCCCCAACCGTGATGGTGGCTAGTAGAGTTATCATTCTATTGATGGATTCGAGCAGATCTTAAGCAACC,GO:0005575
CTTCGTTATATGACGGGGCGCGTTGACTCACTAACCGAAAGATGATTAGCTGCCGCCCCGTGATAACCGGGATGATCTTGTGAGAACTTTTACGGGCCTATTCTAAACCGGCTATCCCCTCATAGC,GO:0003674
GTTGGTTAGCATTTGGGGGATGTACTCAAGCAGTGCGGCCCTCTATAAAAGG,GO:0009987
GCTCCGGCATGTTATTTGTAATAAATGCCCTAGACACAGTGACGGTATCTGTTATAACGAGTCCCTAAGTGTGAAAACTAATATAATCGTCGGGCTACGTTAGAATGCAAACAAAAAACGGTCAGG,GO:0003674
TGCGAGATGGTCTCACAATGCGGCCGACGCCCTCAAATCTTTCTAGAACATCTCGCGGCCTTTTGCATCAAGTTCAAAGTCCCCGGGGAATCAAATTCTACAAAACGAAACAGTGTACATGGATTTCTCCCATAATGTCGTGAGTGTATATAGAACCCGACGCACAACACGT,GO:0005488
ACTGAAAGTTTTGATTTCCAAGTAATTGGGGCGCGTGTAAGACACACCTCGTCCACTTCTATCGATGCAAATCTCAACCCACCCGCGCCGAACCCAGAAGTGTGATAGAGTGCGGATGGCCAGAAACAATGGTAGACGACTATTTTAACTCCAAATTGTCAG,GO:0005575
GTGCCATACTTTCTGCGCACAGTACTTTTGAAGAAAAAATAATTCTCGTATGGCTAACGTCCACGCAAGCATCAAAACAATAGATAACCAAGGTCAATGGACACGTAAG,GO:0003674
TCCATTCCAATTACCGCATGACGCCCCTGAAGCTGGATTCAAACCGACAACCGACGTCAAGCGTAGTAACGTAATCATGGATTCTGAAAA,GO:0008150
TAAGCTTTGCCATGCCTTGCTAAATTAGGCCTTCAGCAGGCCGAATGCAAACTCTTACCATGTGGTTTATCTGACCCAACCCAACCCAAGCCGGGGACAGGGGTCA,GO:0003674
GTGCGGCTTCGGAATTGAACATTATGGAGGCTGGCATTCCCTCGTAGGACTAAGGGGCTATGGACTGCTCTCCCAGCTGATCTGTCGCGCATAACGCTGTCTAGGATGTCATAGGATTACATGAATTTCTTGTTGTAGACCCTGGACCGGAAACTTTCGAGAAACGGCACCACCTTACTTTAC,GO:0009987
TATACGGAAGGGGCGGTTACTGTGCTTTGTACTCTGTCAGTTCGGGGGGCGCCGGACCCATGAAACGTACCAGAACTGTCCTAACAGGCGCAGGCGAATCCTCCAACGGTGCTCCGAACAGAACGCTGTGAGGTAACACCCCACTAACGATCATTACCATATTCCGGAAGACG,GO:0003674
GAAAAATTTATATTTACCCTGAGAGCCCTCACTTCGGTGGAGTAGCTATTCTACTTCCAATACTCAGGGATTCTCTTTATGG,GO:0005488
TGAGCAATGAACAGCTTCAGTCCGTGGGCTCTCGCCTTTCAATTTGGGCGCTCATCTCCACTGTGTGCTCTTGTCCGCTAGTGTTACGCCGGGCTAGCCTAGAAATTGCCCTAGGTTCTCGCCA,GO:0003674
CCACGCCAGTCATGGGAAATCTTTAATGCTACCTTCCTGCTTCTTTAGTGTATACCAGGGCAATACTTAAAGTACTCGGATAACAAGCGCTCGAAAGGCTACTGAGCATCGTGATCTGGACGACGTCGTCGT,GO:0008150
TCGGGACGACCTCGTCCCTGCACATATAGTGCCGTTGTCATGATTCCCGCCACCATCGTGACATGGTGGCTGCGGACG,GO:0003674
GTTCATCTTTGCATAAGAGCGGGGTTACTGCCGGGAACGGCTCAACAGAGGTCAAAGATTCTGCGGGTACATTTGAAGGTACGGGTCGCAGTGCTTCTAACTTCAGCCCTCCTGTGGTCAGTGTAGGCCGCTGAATACTAGGGCGTCA,GO:0005575
TTCACACGGTTGTGGACGTTATGCGGCGTTGAGCTAGGGCAATACCCGGTAACTGGTTAACGGGAGGG,GO:0003674
AACGGACGGTACTGTAGCGACATTGCCGCCCTACGTATGCGGCAGGATGAGAATACATGACAGATTACGGAGTTGCACCTGGCT,GO:0005488
CTGTTGAGGAGGGCTGAGATGTAGTCACGGTAATGGGGCAGTTTAATTACTCAATTTACAATTCTGAGAGACAGTCCTATTGGTTCCCTGACAGGCCATACCAACGACCTGTCCCTATGATACAAGGACATTGCAACGACAACTGACTCAATGATGCTTAGTGGACGTAATACCCTCTTT,GO:0005488
GTGGCCTCCCCGTTGACGTCAGCGTAGTAATAATGAACGGCAGCCGCTTTTGTATTAT,GO:0003674
GCGGGAAAGACCCGCAGCTGCTAACCGAACCCATTACTACCTTAACTAGTGTGTTTATAGTGGTGGTACAGTTACATTGACATCTTCGAATG,GO:0003674
TTTCCAGGGACTTCGCCCCACATCTTGCTTCTCAACAGCAAGGAGGAGTGAGTTATGAGGCCGGAACTGCACAGCCGGACGAATTGATCTTTT,GO:0003674
AGATGTTATCTCCTTGAGCGATTATTTTGTGGACACTTTTCAAACTACGCCGCCATCTCAATTC,GO:0008150
ACCACTCGACTTAATGATGTACACATGACTCTGCAAAGCACAGTGGCTTCACTAGAAAGTGTGGGGACTATCTCGGCTTACTACGGTAAGAACTGCAACGACGATTCGTGATTGCGTCTGGCGCGTCGGAATACTAGTGGAC,GO:0005575
AGAATCTCCAGGCGCGGGGAGCCTGACAGGACGGAGTCCATTCGGCCTTGGGCCTTAACTAGACGGGATTGTCGCGTATTGTTTGTATATAACAGTACTTACCGTAGCACCGATACGCTATTATCGACCGACTGGGCATTCCACGGGGCGGTATTTGACAATATTCGTTCTCCTG,GO:0003674
GTTGATCTCCCGCTCTACAGCACCCAGTGAGAAACACTCCAGAGGGTTCAGCCGCTACCTTGAAACTGATGTGCGATTGGCGATCCAAATGAAACTACCAAAATCTCCCTAAAAGCTTTGCGAACTATCGTTCCCCACCTCTCCGATGGGATAAGGTTAGGTCCCTTGGGGCGAACTTAGGAACTGGTGATGTG,GO:0008150
GACGTTCGTGGAGCGGTACGGAGAACATCTTTGGGCGTAAGGTCATAAGCAACAACCAACCTTTTTTTTTCTCCAACCGACCCCATTACGATAGAATCCAAGGTGCGTAAGCTTGTAAGCACAGATACG,GO:0008150
CCTGGACGGACACACTTGTCTGTCTAAGTCTTTCAACCTTCGAAGTAACAATGTCTTTGGGGAGAAGGGCGTCCAAGCGCTAGAGCAAACTATCACAACAGAGACTGTTGATCAGTTCGCGTTCAGGGTGGTCTCGGTGAAAG,GO:0008150
AAGCGGTTATTCAGTGATTTGATGTCCATCCCGTCTTTATATTATGGATGATTGGTGGACCTCTATTCCCAAATACTTTAGACACAAACCTCACGCAGCATAGGAACTCGGCCTCAGTCAGCGCTAAGGTCCCGCAGACCTCCAAGTTGTAATTGCTGGGAGGTCGAAAACTGGTTAA,GO:0005488
TTTGACGATAGGCGTTTAGGTATTGACGTCTACGTTCCAACAATCAAAGTCTTCCACGCAAGCCTAGCTATCAAGAATACCTGTGTGTCCCAAACCATGAACGATTGATCCCTTTTCTTCGAATGGTCATAGCGTCGGGAAAC,GO:0009987
AATGGCTTGTATTCAACTAGTCAATGCCACTCGAAGTAGATGCGGGAAATAAGAGCTGTATTGTCTATCCAGGCTCGGAAAAATGTGCGGTTCCTGGA,GO:0005575
ATCGGTGATCTATCATACTGGAAGGGTGGGAGCACATCAACCTGATCCAGACGCGACCCCGAGCTGAGCACTCTATAC,GO:0008150
CATGGCTAGAGAAAACGTTCCGGGTCCATTCCCCAGGTCCAGTTTAGGTAAGCATTGCTACGTTTTAGTGCCTGATTCGATTCGGCAAGCACCGGCTAAGGAAGTAAGTTTGAGGATATTAATGGACTCAAACAGGGGAATATGGCGCAGTCCGCTTAGTCGCCCTCCCGGGTATCACATCGACCG,GO:0005488
GGAGGGTATTCAATGTGTGGACACCCTACAGATAAGCTTTTCCGATTCTTCGAAAGGAGATACTGAAAAGCACAGACCAGATGCGCCATACGCCGATTGAGTTAACGCAACCCACCAAGTTCGCAGCGTCGATTATACTGTCATACGATCGCGAAAGCTTTTTCACACCCGAATCATCAGTAGTTAGGC,GO:0008150
TCGTGTACTAGCCCTGGATCACGGACGTGTTTGCACATTTTCGGGAATTCAGATAGCTACCAATCAGTTCGCTCGGCCATTGTTTGGCCAAAGAGACAAGCCTCTCCCGGGAATTGCAATCGGCTTATACGTTATTTGGCTCGTCAA,GO:0005488
AGGATAACGCAGGTCGCCCATGATCTCACTCCAACGAATGCTATCTACTATACAGATGTATACTCATCAAGAACCTTATTTATTGCACTAGCTTTTTGCATGTACGTCCAACTGTGTTATACGATTTCCGCCTTAGAAACACTTATGAT,GO:0009987
TTTGCGATGGATTCGCGGCCAGACAGAACGGCTATTACTAGTAGTGGAGATATTTGCGGTGGACGGTCTGTAAGTGGACTTATCCCAGCAGCCATGAACAGTTCTGTTATGTCATTCTTCGGTCCCTGTCG,GO:0008150
GCGTGACAGCGTCAGTGTACTAAGCATCTACGGGGCCCGCAGCAGACGCATGGCCTTTGGTCTTATTAGGAATGCCCATCTCCTTCCCGCTATAGCCTCCTTATCTCGCACCGCACTGGCCTCCATGCACGTCACGGTAA,GO:0005575
CGTTCATGCGCTATTGTCTAGTGAAGCGATTTAGCTAACTGGAAATTATAAATCAATGGGTGTGGATCGTGGGCAGAGAGGTACGTTACGCCGCACTCCATCAACTTTGCTTCGGGCTCGGCCGCAGTGACGCTTGCTGACAGGTACACCTGGTTCTTTGCCAGTCCCTCGCAAGCATGATCCGTTTGGT,GO:0005488
AAAGGGCGGTATTGCTGACCATCTGCAAGTCTAATCCCGTCGCAGCCCGGCCAGGTGATGCAATTTTCCGTAGTCTTCTTGGCTTCATACAGACCGAGAGTCGTTT,GO:0005575
TTGTAGTAGATTAGGATGGGCAAAGATTAAATCTGCCAAACAGCAATTTGCGTATCTAGGAACAGCAGCGGTGTTGGCGGCTGTAGTCAGGACGTGCTATGGCAGCCATTTCCAATCTGAACCAAAATAGATTGGCTTCCACTGGTGGACCCAGAATTTGT,GO:0005488
AAGGGCTAAAACACGTATTAGGGTAAAGCGTGCCTGTAATGTCATCGAATTGTAATCTAGCGGTACCACTTAATACCTACCGGTTGAGGCTGACGCTGAAACTCGAAATCTCTCGGCCTGCGAGTCCTCCGCTGAGAG,GO:0009987
CCCTTACAAAACTAACAGTACGCAACTCCTAATCGTTCCCCTGCTCAAGTCGAACTTTTCATCTATACATTTTAGAGCCTAGGGTGTCATGGCGAAGACTACTTATCTATTTTCAATTAATTATTCCTTTTCAAGGCATGGGATGTGCATTGCACCGGAAGCATACAATGGCCAATAATTC,GO:0008150
GACCAACGCGGCTCGGGCCATGCCGAAGTCACTTTCTTATTTAATCACCTCCGATATGCCAGGTGCAGTCCTTTCGAATCTCATAACCAACGTTGACGTAATACTCTTTAGGAAACCTTGGCTTGACCTAGAACACTGCGTATGGATCGTG,GO:0009987
CGATTCGTACCTCGGGTCGCAACGTTAGCATCATACCTGTGGGCTAAATTGCCTCTTGTTATCGCAAATACCGCGGTG,GO:0009987
CTGGCGTTGCTCTAATTCAGTTTAACTGTTAGGCTTTATGGGGCGGAAAAGGGCATTACACATGTAATCGGACTCGAATCCTGCATAATAGCTATCAATCACAAGAATACATTTGAATGCGAGAAATTAGGGGAATCTGTTCGATACGTGCGCCATTACCATCTCGAAAGCCGGGTACCTGAACAAGA,GO:0005575
ACCACTGACATCGGTTATTTTGACACGCCCTACGTGCCAAGTAGCGAGCTCGTTATTGTGGCTCAGGCCCTTGGGCCGTTCGCCACGTAGTCAACACGCATACGGTACTTACTCAATAACATAGGGAGCCCGGTATGAATTAACAGTAGGGTTAAATAAGGCGAGGACTTGGGT,GO:0005575
AGGTTATTTAGGTCCGTAAACTGAACCGAAACGGAGTTCGCGTTTTATTAACGACC,GO:0009987
CGGGAACCAATAGGGGAGGGGACTCGTGGGCCTTCCGGTACCGACCAGGGGGTTGACGTGTACACCGAGACTCCGAGGCG,GO:0005488
CCCTTCCATCGCACCAGCCACCTAAGACCTCTGCCGGAGCTCTTCAACGGTACTGGGATTTAT,GO:0003674
CTGCTAACACCTAGAGATGGAGCGATCAAGCGTTATTGGGACCACCAGAAGAAAAAAGACGGGTCCGACCCTCTAATTGCGGTGTGCTCGGGTAGCACAAGGAAATCGCCCGACGCC,GO:0009987
CCTTCGACCTGTAGACGACTGATTTTCAGCCAATAGCTCCAGTGACATTGTGGCATATTCCCCCAGCCAGCCAAAGTTCTTAACATGTAAGTGCCGATTAAGCAAGATCTGAGTGAACGATCAGCTAATTACGCGGATGA,GO:0003674
AGCGCTATGGGCACCAGTTCTGGGCTTTGTCATTGAGTGCTTAAATTGGTGCTCGTACCACATATCCTGATGCGCCCTTTCTTTACGCTGCTGGACTGAGCGTCGCCTAACCCAAATGGGTCGATAGATCGA,GO:0005488
GTACTCCCCGACCGCTAGATTCTCGAAATATGAACGCAGCCCGAATGAAGAGACCAATTGCGCGAATCTCATGTCGTTATCTCAGTAATGAAGCAACAAACCGTGACTTGTGCAGGCTTCGT,GO:0008150
ATCTGCTTGGTTTCATTGGTTTTTCGCGCACTAAGGTAATGTACCAGGTTCCTATAGACTCATCATCACCACAAGCAGCAACTGCACGATTACGACCCATTGAACCGCTCGGGGAGAGCCTATTAGTCTTAGTCCCTCGT,GO:0005488
CACCGCTGCTAATAACCCCTACAGGATAAACAGAGGGGAACTGACGTCGCATCCGATCAGGCAGCTTCCAGTATCTAAGTTTGGGATCGCTCATTTTTAGCCTTGGTGACGCACCTGATCCGGGGCTAAAAGATATTAATACCAAATGGGGTGGTGTAGGACCGCCACTGGA,GO:0005575
CCATTTTTAAAAAGATACTATGATTAATTCCAAGCTGTGCAGGTCGTGCCTGGTGCCAACCGAACAGTCCTCAAATTACAATGTAGTCTGGTACTCCTCGAGGTACAGCCATCGCCCGAACCCTACCCCCACTGTAGGGCCCTTAATTCGAAGGGGCTCAGGGGTGCTCTTCGCCGCTTAGCTAACGCGCAAGGTA,GO:0003674
CAATCCGCATTGGAATCATCAAGTTTACGCGGAGTCTAAGGGATTATAAACATGCAATCGA,GO:0005575
TACACGCATAGTCCTAGCTTTGGTCAGCGGTCGGTGCGCACTGTCCCGATTTGTCTA,GO:0005575
CTATCAGGGTGGTGATGTACGATACAAGTTCTCATTAAAGCATTTCATGTCACATTGGGCAGAGGGCACGGTTTGGAACGAAAATCACCAGAGTCGGCCGAGCTAGGTGAATACATAGTTGCCCTTTATTCTGTGGGGGGCGCCCGAGTGCGTGCGTTACATGTCTATGGATTCGATATGCCTAGAA,GO:0005488
AGATTGGGTGTCCCGTGACAGGCGTATTGCCAGCAGCCGCCCAAGGTGAATAGTGGATGATAACCATTTCCCTCGAGCTCTTCAGCCTGCTTCAATCGGCACGGCGTACTGCCGTGACCGTACGTAGATACCTTCCCTTCTAAAA,GO:0008150
AGGGATCAGCTGTCAGGATTACAGAATATGCGCTGGTCGACGAAGAACCCGTCGATTAAACCGGCCGGCCAGCATTCGAGTGGCGAAAAAGGGATTAAATATATAATGCCAGAATTATGGAGATCGCATTTGATTCGTCGCATTTTACGGAAGAGC,GO:0005575
CGAAACGACAATGTCGTGTCAGCGAGACACTCTAGAGAACGCTTTGATTATTGATAGTGTGATGCTGTCTGAGGCTGCTCCTCGGAGCGAACAATTCAAGGATGTTCAGGAATGACGTCCGCATATTGTGGTTATGCGATGGGACAGGTGGTCTTCTAAGGGTAGGATCATCCGCCGTCTCCAAGGGCTTCT,GO:0008150
CTTAATCCTTATGGACACGGTCTTAACCTTTAGCTAAAGACCTACTTTTAGTATAGTAGTTTTACGATAGAGTCGAATCGGAGAATATTCCCCTTAAAGCAAGGCTCCCCTGCAAGTAACTTTCCATCTCGGACGTTAGTCCCAC,GO:0009987
TAAGCTTCACGTATAACTCCTGTACGATCTTAGGCCCACTCAGTGGCCTTGCTTTTATGGCGAAAGGCAACTGCCTTTAAGGCATTTTTGTTGAAGCCACTTTTAAGCCACTGGCCGTC,GO:0005488
TCAGGAACCGTAGTGCTGAGGATAACGCTACGTCGGATGGGGGCTGAGCGTACTCGTTCCCAAA,GO:0005575
AAACTTTCCCTCGCGAGTCCTTCCTATTTGATAGAATATTAGTCAGTTAACTGGGATCGCAATAGATAGTGCGAAAGTATCTACCAGTACGTGTGCGTTACCGAGAGAGTATGGGGCTTCTA,GO:0008150
TAGAGAGCGATTATTCGGTTGGCGTCGCATACTCCCTCTAAGTTGGGGGTCGTTAATTCGAATCC,GO:0003674
AGCTGGAGATGAAAGGACCGCGGAACTCAGAACTAACGAATCTTGTTCGCATTCTGCAATGAATCAAAAGTTGTATCTATGAAGGAAAATAACTACGCCTACATCATAAAGCAGGATCGCAGTTGTCAAGAGCGCTCTATTTCACAGTGCATTATTTGCTCCGCCCCAGGCTTTTACGGCCCTGGTGGGATTACTCTGC,GO:0009987
TATTCATGCATTGACTATCTAATATTTGATCTGGTCGATGTTCGTACTGGCTAGGCAGTAGAACTCCTCTGTTTACGAGCCCTTTTACGTAAGCTTTAACCTCCGCTTGAACCCTAACAAGCCGGGGTCTACCGTCGGTGGACCAAAGAGTGCTGTGTA,GO:0008150
ACAATGAAGAACCGTTTGCCCCGATTACATGATCGCGGCGTATAGTTGCAAGCATGTCTGGAAGAGGTACTACGTCGAATGCCGATTCTCTCCCTCATCATGCCATGCTAAGATAGTCAAAAAATAG,GO:0003674
TATGTGTGGGGTGCTTGTCGCTATCCGAACCGCCATGAGCCCGAAGCCTTAATTATCTACCGCCTGAGCGACAATGACTCCCTGCAACGATGGAAAAAGCTAGCGCTAGGTAGTATTGTCAGGTCCAGCCCAACCCA,GO:0003674
TGGATACCGGGATCGTACGACCGCAACTATATAGTGGGGTAAGAGATCTGCACATTGAAACTTG,GO:0008150
TGTGCGTACACCTGCTACCACTAAATGAAATTCAAAGTCGAGGTCCACCGTCA,GO:0003674
GACGGCCTCTAGATGGATTGATGTCACAGGGTGAGTGGGGGGTGGACGTTGTCTTACACCTAGCCCTGTTCGTCGAAAAGCGACCGAGCTGCA,GO:0005488
AAAAGATCTCGAGCTGTTGCCAGTTGCGACCCACGATGGAGACATAAGGTTCGCATTGCTACTGTGTCCGGCGAAACTCCATACTATCTGCTCCTAAAGGCCTCGTCTCTTTCCCCGTGGACATGACAACGCGGGAACATTGTCAGGTGTTCCTTCTCAGCGTGTATTCGGATTT,GO:0009987
TTTGGCATATACAGAACTCCACTCCAGCTTGATGTGGGGGACCTTGGATTGGACCCCTCACCCCTAGAACCGGAACGCCCTT,GO:0005488
TCACTATCGGAACAATTCTGCGGGCGTCAACGCGGGGTGTTCCATAGTTCTTTTGTTTATTTTGT,GO:0005575
TCAATGTGACCAATTGGCCGGTTGTAGTATCGGCCCCGTTGTTTTCCGGGTTTTATGATACTAACGCAGGTACTGTACACACCTATTATGCCTCTATAAAAGGCTTACATAACCTCTCTCGAGAAAGGCTCCAACATCACTAATTTGGGCTTGACCCAACTAGAATTGATT,GO:0005488
ATCCCAGGAGTAGCCAACGGCGCTTCGTAGCCGAGTATGCTCGCGGCTTGGTACCCGCCCATACGGGGATCGTGCAGTAAGATACGGATGGACGGACATATCGAAATCTTCCACTTAGCAGCACGATCTCTCTAGCCGTGACCAGAGAGATGAGATACCGACTGTGCG,GO:0005488
CTTCTTCGTGTCTTGGGCTTGCGTTTGCAGCCCGCACGTCCACCCACCTGCCCAGTAAACTTGTCTCGTACATCTCTCATTCTTCTGCAGCCGAACGATGTGTCAAAGCCTATATGACACTCGAACTCGATCGACACATCCCAAATAATGCGATACTCAGAATACGAGCTCAA,GO:0005488
ACGGCGTTGTGCCAAGATACCTACCGCGAGCGTGGATGAACCTGGGAGTTCATTTCCGGAATGCACGGGGGTGGATGTGTGTGTAGCCAGCTTTATCTCCCAACGGATCACGACAACTGACTATAGCCACTTATAACAACGCGCACCATGACGGGTTTTGTACCTTTCCACCGCTGTGTT,GO:0003674
CTACCGGAAGCTCGAGACTTGGCGACGGCCAGTGTCCTTTATTCCCTCGCGACTAATAAATAGTCATCGTTATCCCACGTCACGCGTGCGTGAGCCTCAATCCTCTCAAGGTCCTCACTC,GO:0008150
ACGACCTTGGTATGGTGTCTTGACCGCACTAATGCCGCCACTGAACCACGGCCAGCTCCCGGTAATCCTTAATCACGTCCACGGAGGAACTCTCTGATCGCTTGTAGGTAGTTCGGTAATCTAACGACTTTGTACATTACAATTGACTTGACCGCTAAAATAGGGAATGAAGGACCAGATGCCAAAGACTTTTAGG,GO:0009987
GCCGGCAGAACTCCTTAAGGTTAGGTCCTCTGTTCGATTCGTTTAGCGCGAGTTTGATGAAGAGGACCTTTCGGAGAGCACTACCTGTAATCGCACGTGACGAGTGGAGCGTTTCCCTACGCCTTGTACTCGCATGCACGACA,GO:0005488
GCCAGATTCGAGGCGTAGAAATCAAAACCGACGGAGGGTCGCGACACTTATTTGTCATATTGGCCATGGGACAACAT,GO:0003674
CTCGGTGACGCCACAGGTAAACTTTGATTGGAAAGGCCCGGTCGAATTGA,GO:0005488
GATGAGCTGATTTATACCACCTAGCTAAGCTCTCGTTGTTTGGGAGTTAACGCATGGGAACTAAAT,GO:0005575
AAGGTATGGATGACATGCGGCACCGCGATGTAGATGAATCCTTTGTGGAGAATCGAGATGGCGCACTTACCCTCCCGGCGGGTTAACAGTACCCCAGTAGAATTTCAGGAAGGCATCAGTCGCT,GO:0009987
AAGAATTATGAGGCATCCGAGCAAGCGTCAGGTCGGGACTTTCCAAAAACTAGTCATACATAGCACAGTGGAGGCTTTGGATTCATACCACGAATGGTTAACTAATGGATTCAACGGAATGCCCGGCCCGCCTCCGGCCGTCTGGTAATCGACATAAACCCAAAC,GO:0003674
GGTCCACCAGAATATCTGATTCTTCGACTGGGTGATGTCTGGCCACCAAGTATGATTCTGTGCTAGGTTAGGTGTTACTTACGTGGGCGGACGATCCTCAATTCCCCCCTTGGAGCCTGAGCCCCGAGGGGTTTCCCGCACAGAGGCTA,GO:0008150
ACTGTTGCTACGGATAGATATTAGCGCCCTGTGCGCAGAAGTATATGGATCGTGCGATGATTTCCAATTAAGGGATAGGGATGTAATTGTGCCCTCCTCATGACTATTACCCTTTGGGCGACGAGTTAAAGGAGCGAGGACGTGTCCTATACCTACTATCGCGTGTAGACTACG,GO:0005488
CACAATGTCGCCCATGATTCGCCCCGAGCTGACTCTCTGACAATTCAGCGGGTTGACTAGAAACCTCCCGTACACGGGGGCTGGACAAAGGTGAAAAGAGTAATAGCCCTTATTAGGGTACGGTACTCCCCAA,GO:0003674
CTTCGAGCGTCATACACTTGTCGGCTGCCCTAACCGTAACTCGACCGACAGAAAGGATGTGAAAATATCTGTTGGGGCCACGCTGTGCTTTTGCTTAATGTGCACACAGTCTCTCGTAGCTGCTTGCAAGCG,GO:0005575
CGGACGCCGGACTGAACTTTCGACACTGTTCTAAACCGTCGGTACGCCCAAATAGGCTTTCCTTTACAAGGACGAGCGGATCTAACATAACGTCTGTCGTGTTACTCGATGCGTTCTCACGAGTTACT,GO:0005575
TGCTAAGTTTGTGTGGACGTGGAAGCATTAACCTTCAGGCCGGACTTTTGCCTGCCCCGGGACTTTGGGACCCAGCTATTCTTTATAACGTTTTACGTATATGTCGCATAGTCTAGCTCATGTATAATCGCGACTTAGCCATAACACCCGCTTCGCAGCATGCTCGCAGCGGACATAATGTCTGAAC,GO:0008150
GCGCAAGCCATGCCCTCAGGGTAAGAACCCGCTTTAAGCGACATGCACACGTCTGCGGGT,GO:0008150
TATCTGATCGGTATTAAGTTTCAATTTAGAGTCTAAAATACGCCGGCCCCGAGGGTACACTATCACAGTGTACTTACTACCACTCTTTCGCGAGA,GO:0009987
TGAGTTCGCTAGAGACCTATGCGTCATTAGGATCGTGCTAGTATGAAGTATAACGCACCCGTGAATCTTCAATACTTAGCCGCAACA,GO:0009987
CCTCGCACCACGCCGAATGGTTAATCCCGGCTAGTACCGAATTTGCCAATGCTGACGCTAACCGAGTGGGTGCCTACAAGCGGTTCTTTTACCTGGTGCGAACCTTGGATTTTCTCCTAC,GO:0005575
TGCTAGGCCCAAACTCAGGCACTGGACCTTTATGGTCTAGTTTTGCATCGGACCCCATTAGCTAAAGGGATGATGTCGGGGATCGTTGTTAAAACCATACACGTGCAGCT,GO:0005575
CTTGCGGCATACAAGGGGAGATAATATACGGTTTTCGCCTACAAGTTAGCGG,GO:0005488
ACTCTTGTTCACGCGGCATTGACTGAACTCTGCTTGTTTGCCAAGTCAACCGCACCCCCCGCGCGTCTAGAATGCCTAAGGTATGTCAATAGCGTGCCTGACCCCTAGACATTATGGTATATTAACTGTTGATGTGTGAAGGTAACCGAATTACTTTTTAACGCTGGAAAAATACGTGCGGACATTC,GO:0005575
GATCAAATGACAATATAATTCACTAACTGTTGGAAGGATCTCGCCATAGCAGCTCATTCGGTTGTGGAGGCCGACTTGTTAACCTCTCTGTCTGCCTTATCCTTTATGTAGATCTAGCTACGGTGGTTGTGCTCCATCCCAATCAGAAGTAGATTATCAAGGGATG,GO:0005488
TGTTGAAACATGTAACACAGAGCAACTTCCCCGTGAAAGTTTCTCTATACAATGCG,GO:0009987
TGTTACACCACGATTATGGCTGGAACGATCTCGGGAAGACTTAACTCTGTCCGTCTGGTAGTGAGCGGCGAAGCACGTGAAGCCCACTACACCCTTTCCAGAATCGTAACCCTATACTCTCCAATGCTTTCTCACTAGGAGGGACATCTGCAGCTGAGGGGGTTCGGCAGTCTGTTTAC,GO:0005575
TCTACTTACACGATTTTTAGGGATGGCGAAACAACTCTTACGGACCTACGAACCAATGTGCTGACGTCCGAGAACCGAGTGTGTGAT,GO:0009987
GGGTGATCATGGTTCAAACTCGCACACTCACCATGCATCAAGGAACGCGTACTGGCTGAGGGGGCCCGGATAGGGGATACAGTCTGGCTTTAATCGAGCCATCTGGCAT,GO:0003674
GCCCGTCGCTCCCGCTGGCGCAACTGGTAGGGTTTGAAAGCCGCGTGTTGTACTGTAAGTAGCTGTCCTGAGAGTTGTCTATCCGGATGGAGACTCCTACGCATACG,GO:0008150
ATCAAGGTGCAAACGAGCTACCGTCAGTCGGAACAGCTTGACGTCAGCGACATCTATTGGGTGATTATGAGGATAGCTAAAGTGGCTTCATTCTGTAGAAATAATTTTTAAGTGCTACTAGGGTAGCTCTAGAGATGATAACGGCGGTTGTAGAATGGCAATAATGATAATTCAACCT,GO:0005575
CTTGTTAACGAAGGTGTCCTCCCGTTGCGGCCAAAGAGTTGTAGATACGCGACCA,GO:0005575
ACCTCTGCAGGTGCGTGCCGACCATTAGCGTCCCCCGATGCCTGGCCGAGGGAGTGGCAGAACCCTTACAACCGGTGCATCGAGCTATCCGATTTCCCACCTGTGCGATTAC,GO:0008150
CGAGCATTAGTAACGGTTAAGTCTTCATGATTGTCCGACCACTTGAAGGTCTTGGTGTCGCGCCTAATAGCCTTGAGCCTTGGTATCTACACGGATCAGG,GO:0008150
AAGTATGCCGTAGAGGTCCCGATTCCCTGGTCTTACGCCAGCAGCGTGGGCCACAGTGCCTAATCACCGTTATTTGAAGTCTCCCGAGCTAGTTGTGGGTATGGTAGAGCACACGTAATCCAGGGGAATAGGAGACGGTATGGCGAGCCACGCTAAGGAACT,GO:0003674
ATAAATGATGGACCTCATTCAATACCTCTCTCAGTATTCTCCGGTCTATACGAGTGTGCATTAACAATAATGTTGCGCCAACCATAGCG,GO:0009987
GTCTGGCATCCGATAATCGGTGCTGTAGGCCCCCGGGTTCACGCTTCTCGACGATGCTTTCCTACATCCCGGCGGCCATCGACCAGCCACGGGAGGGTAACATAAAAAAAGTATCTCATGGGAGACGGGGAGGAGGAATCAACCCCTTCAACTCCTTACGTGCGCGGA,GO:0009987
CATCGTACGGCGATGGTATAGGGATGAGAATTGCACTGGTTTATCTATGTATGTGGTGGTACACCATGTCTCCCAGTCAATAATTACAATCAGGATGCGGTCGAAGATATATATCGGAGATTGCCATTTGAACGTTCCCGTTAGACGCAATAACTAATTAACCCTC,GO:0009987
AATTAGCCAGGCGCCTTCGAACTAGCTTCCGTGCCGGCTGACGGTCCCAGATGCTTTAATAATATAGAGTCCTAGCATCTTTCCGTTAACGGTAGTTCGTAATACACCTTGACATTCGCGGCCTACTTCTATATCAAGCCTCTAACTCTGTAAATAGAAAGAACCAATCTCGATTCATTCAGTCCATTCTGGTAG,GO:0005488
AGACCTACTCAAATGTACGTATAATCAACTTGTGGCATCTGAGTTAACGTTAACATGTTTCGAGTCCCGGCCCATTTGTAGAGAGAGAGGCGGGTTCCCAACGCCCATCGGATCTGCCGGAATTAAAGAACGTAATTGACACGGACTCTGTCATCGAGATGGCTGGTACCTCTTAGTGTACTAT,GO:0005488
GTGAAAGAAACCGCGCTTAAGCGAGTGTGTTCCACTAGGTCCAACTGCTATAGTGCCAGGACTCGGG,GO:0003674
TGAGAGCGAACAACTAACTAGGTGAGAAGAGGAGCTCTGTTTCACCCAAGCCTGCATTCCTAATACTTACCCAGACCCGGACAAGTATTTTCTCACTGCGTAACTTTGTCTTGGGAAGCGGATCTATCCGCTACCACCACTTTGTCTTCACGCGAGTCCTTATAATCAGCCGTCCGCGAGATAGCTC,GO:0005488
TATAGGCGATTCCGATAAGGTTAGTGTTTTTCGGCGTTAAACGAGGGGCGCAGTGAGAGACCTCTAGTAACGGAAATGTAGATACCCCGGGTCGGAAGGGGCGTTGCCCGTGAGATGACCGTTCCCCGTCCCAGCTTCGCATTGTCCGCCGATTTGCG,GO:0005575
CCGGTGATCGAATTTTGGCCCGGCCTAATGTCGAAACGTTGGGGGATTATTGTCGCTAGCGAAAGTCACGATGGC,GO:0009987
ACAATCTTCGCGCGACTACCTGATGTCGCTCAGGTGGCGTGAGGTACGGAAGTGATAA,GO:0009987
AAGACAAGTTCACTTGCCAACGTTTCGGGCTCAATAGGGGCCCAAATTCGCCGTACATTCTACGCACAGATTAAAAAAGATCTGCTGACCCGC,GO:0005488
TTAGAACGTGAAAACCAATGGCTAGCCCATACGAAGAGCAATTGTATCTGACTAACCTCGTGTTTCCC,GO:0003674
GAGGATGAACTATCTCTGGGCTTCTTTGCCAGCTCATGCCGCTGCGGATACACGCAACGCACTTAATCCTCCCTACCATCAAACCGCACTTCCCCTTAGTCACACAGTTTTTGTCGGCGCGGGCAAGCGTCGCTAGTCCGAGGGGTTTTTCGT,GO:0008150
CTCCCAAGATTCGGCGCTTCTGAGTGCCTCACTGGACTTCAACTATAGCACTTGAGCTAGAGCGTATTAACATACAGGCACAAGTGGTATGATG,GO:0005488
TATCCACGTACCCTCCCTCGTGGGGAACGGAGTGCTTGGCTGTGTCCTTCTACTATATTAGACTCACTAAGGGGAATACCTCGATAGGCGGCATATGTTGTGTATCATGGCGGAACCTCCACTCTTTCCTGTTTCAATACCAGGCAGGATGGGATTTAATAAAAC,GO:0003674
TGCTCCGGCCACGCGGCCGCACACCTTTAGCCAGTAAGCATTCGTTTGGACTCATCTAGCAACCAACTCACAAAGTAATATCCATAAGGTCTTGGTATATACCATGCTACCCACCCGCGGGAAGGATGCG,GO:0008150
GACGGGTTTCGAAGAGCTTGTAACCAGGTGGCTGAGACACCAGCCCCCACCTTCGTCTCTGTCGATCGAAACCATTCAGACGTGCC,GO:0005575
ACTCAGCAATCACACAAGAGTAAGGCGCGTGGCGTTTCTTGTCCGCCCCCCC,GO:0003674
CATACATGGAGTCAATACCCAGCCACCTGATGATACTTCCTAATATTAATGAACTAAAAAGGGCAGACTCGCGGGCACAAAACAACAATTTATTACAGCTTACCGTGCCGTCCACTCTGGAAA,GO:0005575
GTACCTCGTCCATGTGGGTGCAGTTAGGAATTGGATTTGGCTACACCCCGGGTGAGACAGTCTCTTAGGTTGCTACACCTACTGAACCATCCTTGGTATAACGAACTTTGGAATATCGTTCACGGCAAATCTCCAGCGTTTATCAGTCAGG,GO:0005488
TCATGGCCAAGGCAGGTTAAGAAATTGCTGAACGGGGATAGACCTACGCTGGCCGTGTTAGACGAATTC,GO:0009987
CAGAAGAGATCACTGCACCCGCAAGATGTGAGTGGCTTAAAAACGCGGTATGTTTCTCGTCTTAACGGCGCTCC,GO:0005575
CTACCGAGTTCGCCTCGGTACCAACGTGATCGGTGTCTGATACAGCCCTAACCCGCGCCCCTGGGTTGAGCACAGGGGAGGCTAGGATTAGACCTGGGTACTCTACAGTCAAAGAGTGTGGCGGATAACGCTTGATGTTAACTAGCATCGCCACTGACGCAATTAGCTATCGACTCGCAAA,GO:0003674
TAAGTCTGGCCCGCTCCTTTCGAGGGTAGCTATATATTCTTTACCTGAGTC,GO:0005575
TGAGCCGTGCCGCCCGCAGCGTGAGTAGGTGTTCCCACCTGGTGTGGCCTATGACAATTCCATCACATAAATTGGCTTGTCCACGTCCCCTCAATTAATCGCCAGTGAAATCTCAGCACTAGTACCGGGCCTCTACGCCGAGCAGAATGTCTGCACTTCCACTTAATAGATAGTAC,GO:0005575
CATTAGTCGGCGGGCACTTAGTCGCAACCCCTTATGTGCGGACTTCCTCGTCTCGCGATGTACATAAACCATGGAAAGAATTACTTCAGTCCTGGGGTCATAAAGCCGCTTTCACGGGACATTGCCACGTGTTCCCATAAGTAGACCCTATTTGACTTCGGCAACAGCGAGCCGCGG,GO:0009987
TATACCTAACATGGAACAGAATAGCTATCATACTAACAGCGCCCGATCTTGTTGCTGCTATGGACGATAACGGCTTACAACGGCTGAACGTTTTTCGGGTGGGTTCGTTAGTTAGTCGGCCCAGAGAGTCCCAGGATCCCAATAGAGACG,GO:0005488
AACTTATATGTGGCTGTACGTATCGGATAAAGGAAAATGACAATTCGTGAATAACAGTACATCTATAACGTACCTTAACCTGTCTACGTAATGGTTCGGCTATCCTACCTCCT,GO:0008150
CCACTGGGAATTCCACCTTCTAGCGCGTAACCCGAGCATCATTCGCTTCAGCGTAAGCCT,GO:0005575
GTGACGCCCGAAAGCGACGTTGTTGAACTATCACCGAGTTCCTCTCCGAGAGGCGTGTAATTAAGCGCCGTCGCGATACAATA,GO:0003674
GCTACCCCGCCGCGCCTTGCTAGAATACCGACCGTGCCCTTGCGTACTTCGAAGCTGGGCTCCAGGCAGGTGTGGAAGCGAGTCCCGAAGGAGACTTAT,GO:0005488
TTCACAAGACGCGTTTTCACTGTTACATCATCCCCATCAACCGCGAGAGAAGCCTAGTAAGCTGTAATATCGATTCTAACTGTTGCTACGACGTGCTTGCCCGGATTGACTACAGTATGAAGACTACGCCAACGT,GO:0003674
ACGCTACCACGTCGTCGTACTTCTGCGATGTGCGTCTGTGGAAAGAAATACGAGACGACGTAGCCTTAACGCGGAACAGGCAAGTCCGGTGTCTTAAAATCTAGAGCTTCCACCACGGTTCGTCTCCGGCTGAGACTACACTTAGGCTTCTATAAACCAAAACTGCCGTTCTAAAAA,GO:0008150
CACCGTGTGGGGGCCTGTTATTAGCTTATGGTCTGTCTGCTTAATTAGCCGGACTCC,GO:0008150
TTTCCTAGCGCCGACTTTTCGTGAGCCCCCGTACCGCGACTATCTCATGCTCACATAAGAGTGGATTAGCTTGCCTCAACGCGCTTGATAGTGAGTGGCAT,GO:0009987
TGTAGTTGATCTTTCATCAAGCGCTGCAGATAGCATCAAGGCGCCTGTGACAGGTATCACATTGCTCTAGTCACTTGTTATGATTATACATCGCACCCTTAACGGTTGTCTGACCGGAACACATTTGACA,GO:0005488
TAGCGTATATTGAATGAAGTGTACGGCCGCCGGTTTAGCTTGTTATACGTATTACTGCCCCTTAGGCGGACTTCGCGTGGGGCGGCAACATCTAGACTCGCATTAGGTTACCTGCCGTCCTTTGGTTGCCCTAGCTTAAACTTGGGAGCGGGCGTATAGAATATAC,GO:0005575
CGCGGTCCCGTCTTACAGGACCAATCACGCTTTCCAACCAGTCACTACAGTCGAA,GO:0003674
AGGGCTTTTCCCTTTTGGCAGGTGTCCTATGAGGGGTTCACTGCTCATAGGCCCGGGCGACCGGATAGCGTGACAGTATCAAACCATGTCCGGCATTAAATACCCGCTCGATGGCACTTACACCTGGGCGCCCTTACGATTTGCTT,GO:0005488
ACGCCGCCTGTACGTACGATACATGCCCCCTCCTACTAATTAGATACACGCGGAGAGTATCGGAATGGGCGCCCGAGCACCCAGTGAAACCACTT,GO:0008150
AAAGCGCTACGAAGCCTGAGTCATGTAGGGGTGCCACCTTCGATTTGGGGCCTAGTCAGGCGTATGATTGGTGGGCGGTTCCCACCCTT,GO:0005575
ACGGCAGACGATTAGTCGGGACCGAACAACCGTAAAGCACAGGATCTCAAGAGAGACAGCCACGCGCGACGTACTTTTCGCGGCTACACCCTACTAGCGACGCCAGCGGTAAGAACACGAGTTTTACGGCAATTTAGTTATGCTCTAAATGTGGTCGAGGATAGTCTAAACTGCGAT,GO:0003674
TCCCCCTCAGACTAGCCGAACGTGCTATGAGCAGAATTTCTTGGCCGGATGTTCTTGTCGTTCTTGTTCTCTCTAAGTCCC,GO:0005575
TCTCTAGGCTCCTTTCGTTAAAGGTCCACGATTAGGGGGGCTAAGAGCCATATGCGGTACAGGAAGTTCTAC,GO:0005488
TCGGGGAGTCTCGGATCCCGTATGTTAATTCCTCGACGCGTCGTCTTGTGTTTGTGCATCGATCATTGGCTCTATTGCGGGAGGCATTAATAGTATCAGTCCTGGCGGCGTCAAGTTCTACAAAGCAACACTTCGCATCGAAGGACGGATCTCAAGTGGTAGCTGGG,GO:0005488
TTTCACTCTCTTGAATCTACATTGTTGCTGCGCCTATTGCGCTCGAGAAGGATGCCCGATGGATCTGCGCGACCTCAACTAATTGCGGAGGGGACAGATACATAACGAAATTGAGTGTTCGAACCA,GO:0009987
TGGTGACATACATTCAAGGCCAGAAGTCTTGATAGGCCCCAGAGTCTGGGGGTGCCCTTTTTACTGGCATGGCGCTAAAGCCGTCCACTGACTGGATCCTGATTGCTGAATGACTTGAAACCTTACTCTAGAAGACCATTACACTG,GO:0003674
TGACTTTAGACCCCACATATCTCGATGCGCAGACCCGCGTCATAATTCCT,GO:0009987
GCAACGTGAGTGCCCTGCTATAAAGGCACTCCGCCGGTTAGGAGCCGAAGCACTAGCTAATTTCGCATATGTTGTAGGTCGTCAGGTGACGGCACAGGTGAATTCACGCCTCCAGCGGGAAATTCCAAGCAGAGAC,GO:0008150
GTGCGTTCCATATGAATGATGCAGCTGTGGTTGCGGGTAGTTCCCCTTTATTGTTATAAT,GO:0005575
CAGCTCGTATCGTCCTACCTAAGGCCACACTCATAATCATGCCTTCTTTCAGGGCGCGTGATTGTGCTCGGTTTGCTTGTGAAAGATTACCAGGTTTTATCTATGTATTGTGGGGAATGCAGCCGTAGCATGAACTAACTTATAGGCCAAAGCAGACATTCTCGTAGCTGTAAGAGAGACAATACAATGACAATTTC,GO:0008150
TGCTCGTACCGAGGTTCTACGTTTGTCCATTTAAGAAGAAGGGAGAAGTAACCGAGAAAAACTCTCGCTGCCGTATCTTGAGGAGCGGGATGATGTTAGCGATTGCCTACGACATTCTCATAGATCATGCCAAATGGTGCTCGCGGGGCACCATGCGCAGGGAGTGCA,GO:0008150
ATCGGACGTGGCGCCGTTTTCTATAGAATGCCTCGTACTGAAACTTCTGGATACCCTATGTTATGAGTTCCGCCAAATACTCCTACCCAATCCGTCCGGCCCGGTACGCGACTAAAGGGTAATTATGGCACGCA,GO:0003674
TGCGGACTTTGTCATCCGTCAGGGTCGACGGAAAGGAGACCCGGATGCTGTGT,GO:0005488
GCAGAAGCGACATAAACTGGATATGTGGGAACTGCGCTTTTTCGTCGTTCAACGATGAACTCAGTGCAACTAGTGGCTAACACCATCTTTCCAACCACCGTCTCATAGGGACTATGAACATCGAGGGGACGGTCATTT,GO:0003674
ACGTTGAGCAACTACCCGGAAGGAACGATCCGCTTTCGAAAGCCTGCTAACGTTTCTCTGTTGGCATATAATGAACACTATTATCCGCACCATTAGAGATCTAGTGTATAATCATTGGAAGCTGGTCTTCACACCCCCGGTGAACAGCCCACATTTGTTCGGGTTACGTGTTGGGAGCGCCGCAGGAGATTTGTGGTTTT,GO:0008150
GGGGATTCTTCCAATTAGGTGCTTTTGTACCCACATAGGGCATTGCGGGCAACGTGCCTGCACAGCCGGTCATTTAAGCGAAATGCTCAGCGGAATCCTCAGAACGGCAGTATAGATAGA,GO:0009987
CAATCTGCTATCAGGTTAAACCGTCGCAGAATCATCCACCAGCGGCCTCGGGCCCTGTCTCAGCAAACTTTGATGACATAAAC,GO:0005488
AACGATAAGTATAATGCTGTTCGATAAGGACGGTCCCGATACTTCTGAACGATCGAGTGGGCAGGCACGAAGTTCGAGTTCCGTCAGCGAAGCTACAACTGTCAATA,GO:0005575
CTTTAGCAACCCGCCGGGTCACGAAGATGGGCATCCTCCCCCGCCCCCTCCGGGTCCGTTGTTGATTGCGAATACGTAACGCCGGTAAGTAGGCCTCGTGACACACGCGTCAGGACTCCGTGAGTCTGCCAAAGGCAGCTAG,GO:0005488
CCTGATTTACGCGCACTACCCATCTGCGGCTATTTATGATTCCAGCTGGTCCCGAAAACACCCCATGGCTGGCCAAAGATAAAACCAAAACCGTTCTGAAGAAGCTCGAAGTTCTTCCAGACGACGATCATTCCTGCAGTCTATTAGCCTGGGTGCTCTA,GO:0005488
CAATTGATTTGAGGGGGGCACTCGTCTAGTGAACCACCGATGTGGTCACTTTATCAGCATTCGAATGCGACAACCTGGTCGCACGTGGAAACACTCTTCTGGCTAATCTATTCT,GO:0005488
AGTTTTTGGGTTCGACCCAACTGATACTTATAATCCAGGTTTGACCATTTCTCCTAAAGTCTAGTGCAGTGTATATTGGTGGCCCTTTGCTACAATATTCTGGGGAAGGGTAAGAGTTATGAGCCCGCGAACCGTAAGCTATGCGTAAGTGGGTCCCTACGTTAATATCAATCTGGTAAACCAACCAGTTGTCG,GO:0003674
GCATGCTGCGCGGGACGACTCATTTCTCTATTTCTTCACCCCCCAGGTTCGGCGGTGTTGGCACTATCTTAACGGGTTAAAGTAGACGCGGTCTTTCGCTTTTACCATAAGTACTCCCGCCGCTGACCGTCCACATAGTGAGCTCACAG,GO:0003674
CAGTTGGAACCGGAGGTGTGATGACGGTGCAAGACAGCATAGGTATGATAGAGTATCGCTGTTCAGGCGGCCCGTGCTTATTTCTACGCATGATTGACCCTATCCGCAGCGAAGCGTTCATGATCAACACCGATCCAAGCTGGAGTTCGGGTTTATCCCACAGCTTTGATGTCTTGACTGACCGGAGCGAAG,GO:0009987
CTCTCACGACAGAGTGAGACTTATCAGAGTTTCGACGGAGGGGACACCACCCACAAACAGTCTAATCGTGCTATCAAGCAATGCGATCCGCAACTGATGCTTGCGATGAGTTTTCTTGCGCACGATACTCGGTCCCTCAGAGCGGGTCGGGGGCTGTTACGGAGATCGTACAA,GO:0003674
TGCGAACCGGCGCTGTCACCGGTAACGTTTGGCAGACCCTTTTTTTTGAGTCTCTCCAACGATGACGCGACTACCGAACTTGTAGCCACAACGGATTTTATAATCCAGTGGAGGCAGGACATCTGACTTTGTACTTCTTCGTGTCCTGCCGGCTGTCGCCCCGAGCCGTAAGGGT,GO:0008150
TGGGCGCCCGCGGTGGGAATTACTTTCCAACTGTCAATTGGAAGATCTCGGCGTTGGTCGCATACA,GO:0003674
GTCAGTGGAAAGGGAATTCCACATTCGGTATTGGCATAAATGCCGGAAGAGCTTCTATAAGGAGGGCCGAGTAAAGGCAGCCGACTGCGGTAATAGCTCCTATTACGGTCAGGATGAATGGGTAGGAGAAAGCGACCAATATTGGGAGGGGCTATTTGTCGCTGAGCTCACC,GO:0003674
GGCCATATTAATCAATAACGCTGGCTTGGAGTGGATGGCGAGAGGAAGTTTTGTGGCTATCATCGTTGCGTGCCTGCTCCAGAGACCTTTGCTCACTTCTCGTTCGCCGTCTTCTATCACGACTGTAACCCTAACGACGCCTAGACCTAGGCACT,GO:0003674
CTGCCGTGAAGATTCCAACATTGCCTCCGAAAGCGGATTCTGACCAGCGATGATCGGAATCATCATCACTGCATCGGCCGGAGGGCATACCCGGATTGAGTCCCCAAATAAGCCTCCGCTATGACATGAAAATGCACAAACTCATGTCACGTGGGAGTACTGGAAGGAGTTCTAATTTCCGGGTCTAGT,GO:0009987
GTGTACTCTCTTCCCACTAGTGTAGTGTGTATATCACCCTGTATTCCAAGCCCCGTACAGGAACATTACGGTTGACACAAAGCAACGGGTGGGACCATTGCTACCCGCGCATCATATGG,GO:0005488
GCAAGCATTTATATGTTCTAAGGAGTTCACGACTCGATAAGCGTGAAGACTGGCGAAGGCTCTCCGGATGGGACCAAGCACCACCTCTATTCGAACTCGCTGGGCAATCTTCAAGTGTGGCATGG,GO:0005488
CGGCCCCTGACCGACTGTCGGCATTTTGTAGCCTCTAGGGTAATCTGCAAACACAAAGTCGTGCCGTTTCACACAAGATGTTTTACCCCTCTAGCCCCCCGCAGTTATCCTCGATGGCGCGCTCGGCCCACGGGATCCTTGCTGCTGTGGCTTCTGGCTCCCC,GO:0005575
ATCAAGATCCCTTCCCCCAAAGAACGGGCTCCCGTGTGGTATTGAACTTACTTCT,GO:0005575
TGTACACGACAGTACCATCGCCGATGTCAGTGCAACGTAGTGGGTAACATATGTCTT,GO:0005488
TGGGCGCCCAGGACCCATACTTCCCCCCGAGGTACCGGTTCCGTGGTCACCTGCGTGGTGGCAAAG,GO:0005575
TTGCTGATGGCGCCGATGAGCTGCAAGATGATCACAGGACTAAAATCTTTAACCACGGGGCGGCTAGGACATTGATAGCGTTTCAAGCTTCATACGGAAACCAGCTGCATCAAAACAATTCCCGCTAACCAATGCCGCACTGTTGTGCTTAAAGGTCATAACGCTACTACGTCGCGAGCACGATAATCATGAG,GO:0005488
GCGAAGCTAACATGTGAATAAGAGTAAGTCGTACGAAGTGGATGTGTTATGACCCATTTAACCTACGGAGGAACATGCTGCAGTTAACAAGCCTCGTGACAAAACATTCAGTCTACTCATATTTCGGCCAAGATACTGAACAAT,GO:0008150
AGTCACCCCCAATTGAACGCCTTCCTCGGAGTCTTAGGGAACGCAGGCCGAACTCACTTGCCTACTTTATTTAA,GO:0009987
TCTTCTACCGCCAGATTACTTAAGGCCCGCACGGAGCTTTCAGCGAGTCCATTATTGTCACGGGCAGGTCTCAATTACTAGCCGTGGTTGCAAAGACTATCTAAACA,GO:0005575
AAAGGCATAGGCTTACGCTTGCTGTGAATTAACTTCAGCCTTACGGTTGTCTCCTAAGTCCTTATGTGAAAAACGATCCATCCATGAAACTACCATGCGATGATTCGCGTCGCCCGAATGTCGGATTAGGCAATAGAGCGGTAAAAGCCCTGAGGGCGACTAAGCCGCGTTGTAGTCCAGCCGCGCAC,GO:0003674
CTTGTCGGAGACTGATCTCCTTGGAGGTACACTGTCGGCTACTGCCTATATCAGCAAGTAGAGATAGTGCTGCCGTGGATCAACCTATAGCTGTGCC,GO:0005575
TCATGCGGGCGGTTACCATCGAGCCGGAAGCAGTTCAAAGTGGCCGGTTATTATATGCTCCAGCCGAGCCGCCGGTTGCACTCTGTGAAGTTTCGCCTAACGTTGAAAGCGATGTGGCTTAAGTTGGACAAGGTAATAGGACCCCTTTGAACATAAAAGTATAACGGGGTAAGGCGGAGAGG,GO:0008150
TGTGTCGCACCACCTCGGTTCGACTTCCATTAGGAGCGGTCTAGTGATTTTCGCACCGGACACTGAAACACAAGCTCGAATTGTAACCTCCGTACGAGACTATGTAGGGTTTGTTTGATGTCGCATTCGATACATTCTGA,GO:0003674
AAGGCTGTTATCATCCCGCGATGGGTACAATTCTGTGTTGGGCTCTGGGTACAAAGATCTTGACCACCAAAGCTTAATGTCGATTCCAGGCACTACTGTTTGT,GO:0009987
ATTAATTGTGTGAGTAGGTCGACATGTACCCGTTCAATTTCACACGACTTGGGCTCAGCTGGTGGGAGGGCAAATTTGCCTGCTGGTAACC,GO:0005575
GTGTAATCTACACCTCCCGCCAAATCTCGGATGATAAAGCCAACAGACCCATCT,GO:0003674
AACATAAACCTTTGAGTAAAACGGTTAACCAACACTTTTCTCCTTTTAATCAAAAATTCTGACGTGAC,GO:0005488
TGCTCGAATTAACGCCAATTGGACTCCAAGTGGAGTTTCCCGATTTCTTTCGTCGTTCCTTGGTCGTTGGTACAACATTTCATACAACACAGAATTGCCTAAGGAACAGGTACCCTACCAGGATTACATAGACACGGCTGATCCTGTAGCTTACTAC,GO:0008150
AGGATCCTTACGTGGTGAACCCAATACTAGGAGGGGGCTGGGCTTGCCGAACG,GO:0005575
TGTGTGCAGCTGCACACCGCGTTGAACTCCGCGCTCTTGTGAGATGGCTAAGTAGTCAAAAGGTATAAAGTTAGATGTTATATTGATGAGGGGTTTAACTCAATGTGCCGTACCGAAGCTGTATTGCAAGAACGTTGTTATCGTG,GO:0005575
CGCTGGTCCGAACATCATCGGCATATTAGTAAGTAAGACAAGGTGGAAGGCAAGCTTCTTTCGATTCGTATCCCAGTAATCGATTCGAAGGGGGCACTCTAGAATCGAAAACTTGCAACAGTCACGCGGAGACGAGTGGACCTCACATGTCAGACGAAACCCCTCCCGAGACGATGAGCTC,GO:0009987
CTCCTTTCTTAAAGCCCTGAGTGTGGGGAAATGCTTTACCAGAAAAGGTATTCAAAAAGGGCTTCCTATAAG,GO:0008150
GAGCCCCGGCCGTGATAGGCACCCATGTAACCCGATGGAGAGTTGCAGTTATCGTGGGGAGGTCTACGTGGTACGTTCTCCGTTAGACCGGAGCTGTACAACCCCAGTAGACGAGAAACCGAACCAGGGTAGCCACATGCAAGTCTCAGGGGGCTTCGGCTCCA,GO:0005575
CTCGTCCAACTGGTGGTGCAGTGCGTTTTTTAGTAGCGCTTCGTATGAGTCAGCTAACGAGATGCATTACTCGGACCTCGCGAGAGGCTTGCACGCACGGTCGCTCGATCTGCCGCTTAAAAAGCTGCAATTTCGCTACCCTCCTAGTCGAACA,GO:0005488
CATTTACAACCGTGCCGAGGGTGGTTTGGAGACAACTGGTTTATCTACCGGAGCTTCGGCGTACCAAAACCTGGAATCCGATGCCCTTTGACTGCATGGTGGGCGGCGACGTTAATTTAAAATGCACCCGGTGAAGTCGAACGGGTCGGCTATTATGACGAACGTGTTCC,GO:0003674
ACAGTGGGTCGTACACGACGCTATCTCTAGGGTATACCCCGATGCCGCATCCGCCGGACCCCTGGAAGTAGTAAAACCCATGTTCCGTTCGCCGGGAGAACTCTTAAGTCGTATT,GO:0008150
ATTTGGCGCCCGGTGTTCATCGTAGGTTAAACGTTCTGGCTAGAGTGCAATGTTGTCAGTTTGACCCTACTCTTCCATTCCTGGGTACGCACAAAGGGCTTTTGGAG,GO:0008150
GATTAAATGGACGGGATTGCAAACGTGGGAGAAGTACGCATAGACATTGAGAGGTGCACGGGCAGCCGATAGCCCCAAAACAAGAAAATTAGCCATCTGACCCCCCCTAAACTTCCGGGGAGTGGCACTAGCAGTAGAT,GO:0009987
GGAATTGGCACCATTGCTGTATTTAGCATGACATGCGGATTACCGCTCCATTTGCAGCCTCCAGCGAAGTCACTTGCCAATTCTGGCGTGACCACTGATAAACAGTTGTGAACACCGTCCGACGAGAAGCGTTGACGTATGTAATTACAGG,GO:0009987
CGATTCACGCTCACGTCCCCTGATCAAAGGGCAGAAGAAGGGAAGTACGTGGGTTAGCTCCAGTTGACTGGGCCAGTCGCTATGACTTTGAGTAACCACCTATCGCCGACTCCTGCC,GO:0009987
TACCCTCCTAGAAGTCTCCTAGCTTACGGGCACGCACACTCCCTGCTGCTTACAAACTGTTCTGGTACCCCTTAGAATCCTGGCTGGCGGTGTATGGTATGTTCGACGCCGTGATCAACCCTGTGATCGATTCAGTATTCCACACTCCAGGTTGGCGTGGACAAGTAGATAAAGGTTGTCGAGTCGC,GO:0005488
AACAGTTTCGTCAATTCATTGTTCATACGCAAGCGCACATAAAATTCTTCTGATCGCTCGAACCGGGGCCCCTGCTTAATTTATTGGGATTGGCAAGAAGTCGTCCCCGATTCTATAATGATAAATCCGTGAACGCCTTGCGAAGCTTCCGGGCAGTCTAC,GO:0005488
GCAGTTACTCTCTAGACCCGACTAAGGGGTGCTTCAATCTAGATCTGACCCTTCCAGCTACCATCGGGATTAGTGGAGAGTACCGAACTCATTAACATCGGCCAGGCTGCCTAAGTGTCGATCTTTGTATGCGCACCGTCAGTCGGGATACCTGGGTGATTGTCTCAACTACGGTCGCCTACCTACGTTGTG,GO:0009987
TATCTGTCACCCCGCCATATACGCTGTATCGTATTCCCTCCTTCACACTAAGATGCAACTCAGGCCCGTCTCCAGAAGTCCCATAACGACTTATGTAGGTTTGGGCTCTCCAAGCGGAGTCGAGAAGAGTCGGACAGATTAGTACCGACGCAATGCATCCAATG,GO:0005488
CTCCCGATACACATCGTTGAACTGTAGGTCCTATCTCTCACCGGGTTCTGACAGGGTGCTCAGAGTCGTTCATGTAGTTTCAAGTGAGATTAGTAGTCACTTGTATTGTCTGATATCAGATCCACCCCTGCTTCCCGCGTTAGTTCTGCCACCCGACCCAGTATAGAAGGTCGGAACGGCTGCTCTCGAATG,GO:0003674
ATGGACAACTAGGTGGTGCTCGCCAGGACCATAGGTTAACAGAACTGTCTGACTAAGGTATTCCTCGTGACTAA,GO:0009987
CTCAGCTGTAGAATCGCCGAGACTAGTCCTGAACCGAAAATAATGACGTCTGGACCACGCGATTTTGGGAAGGTGAGCCCTGAAGCTTCTCAAGTGG,GO:0005575
GACGCTCGGTTAGCGGTGCTAGGGACACTAAGAGTGTGAATACAAATTCGACTGCGTAGATCG,GO:0008150
CTCGACAGTACCCGTCCGAGCTCTATAGTCGCAAGGTCAAAATTTGAGGAGGTAGGTGATATGGGACCGAGTAAAAAGGGCTCGTATGGGTCCCGCAACTAGGCGACTAGTGGGTCCATACATCGGGGGGTGAT,GO:0003674
TCTGGAGCCATTGAACGCAAGATGTGCTGGACTTTGGAGTAGTCCTTCGTAGTACACTAACGGATCGTCCACCTTTTATTAAAAGCAGAGTTATGTCTGCTGGCATGCTCTCCGTGTG,GO:0005488
TCAATGGGAATAACGGCGTTTACACAGCAGTTCAAACGCAACAGCCGTGCAAACATTTGTAAGGGTTACTATGCTACCGTGCGCGTGGTACGGCGACTCGGGTTCCAATAAGGGAGCTGGGGCCCAGAGTAGAA,GO:0009987
TCCGCTCTGTATATCTCAACGGCCTGGGTATCGATTTCGGAACTCGCCTGTCATTCATACGGCATACCAACTACTGACGCCC,GO:0009987
CAATGGAATAGAATCCCCCGGGTCATGGCTTTCAGGACCTAGCCAGCACCTACAACACCCGTAGCGGCAATATCAGCAAATCGAAGTCAGCTCTTGGAAATGACCGCCTCTGGCTGCATTCGAA,GO:0005488
TCGAGGCGATCGATGGCTCACGTCCTTGGCTATTGTATGGCCCAGGTACCTACCTGTGCGGATGCAGATTGGACCCTGGTGATCTGCCTTTCTGATATTTCATGAGGCCGGGCAGTTTGCCAGGGGGGACATGTACACTCCT,GO:0005575
TTGGGTCTGGATCGACCTGGTTCGATTACGAAGGACGCGCTTAATGCCGTAGTCTGTGTAAACTTGGAAGTCGTGTTCGTGGATTTGGTGTGGCAGTACGGCCTCTCTCAGGAACAATGGTCCCTTGGACTCCTTCATAAAGGCACAATTTAATTTTCTCATATGTGGCTCTGCA,GO:0008150
AAATCAACCAAGCAAATGGAAGTTACCGTCTGTTGAGGGTATGATTGTCTCACTGTTGTGTCGGTTATGCACCCTCCGACAGAATATCTTAGAAGGATGGGGGTGTCACCCTTCGAACGACACGGCGTTTCCAATATCCGATGTTCGCGGTTGCCCCCGACGCATAGTGGACTTTATTCTGAGTCACTTAG,GO:0003674
ATCCATGTAACGGCTGCCGCTAGCGTATCCGATGCTTATTAATCGGCACAGTGGCGTCGTTTTAGACCCGATTACTGTCGGTCTGAACCAGGTGTGGCTTCGTGCGCCCATCAGGTTAACTCTTCTGTACGAATTGCGAGTTTTTATGCGTAATTGTACAGCATAGTCTCGCCACACCTGGCCTG,GO:0008150
CGTTTATCAATCAATTATGCGTCCGGCCAAGCATTCGGCAGGTCGATACCACGATCGCGAAAACATCAAGTTGAGCCTAATCAATCCGAAGCGAGCTAGGTACGAACTGGCCAGCAAGTGACTAGCGCGTATGTCCAGAGGTGTTTGACTTCATGTT,GO:0009987
CTTTTGTAGATACCGTTAACTGTGATCAATAGAATCGTCCCGACTGATAGGTGGGGGTAATCTTGCGGCGTAAAGAGACAAGCGAACTTTTACTTAACACGGCGGGAGGTGGTCT,GO:0003674
CGGAACTCGCGTTGATAAGGGTGGAACTCGGACGGCGCATCATGAACAGAGTTCACTTAGCATCAAGTGCTAT,GO:0005488
CGAGGTCACGTTGAACCATAGCGGGCCTTCAATAACCGAGACTACTTCTCATACTGCGAGCAGGCACTCGATTTGTTACTCTGAGGACTGAATCAGGTTCTAGCACTTCGATTCCA,GO:0008150
ACCTGGCTGCTCGGGGTAGGACATGTCTTAACGGGGTTCACCAGCAGCTCTATCCGGAGGCCCCCAACAGCCTCCGAACACGGACTGGAGGAGCAACTCGTTACTTGTTCAGCATTACGTTTGGGTAGTGGCCCAAAGTTCGTAAGTTTCAATGCGGACCTTGCG,GO:0005575
TCATATCTCCGTTTAAACAAGCAAATACCGCAAGTCCTGTCGCCTGTTTGCGTCTACCCTAAAAA,GO:0005488
GGCTTATGGGTCAGTTTAAGACCCTTGTGCCAAGGAAAAATTGGCGCTGGATTGGCATTACAACCAACGCAAATGCGAACCG,GO:0009987
TTTGGATGTATCGACCGCGTACGATCTTGCACAACCTAAAGTTTTCGGGCTGATCTCTTTCTCAGCAAACCGTCTAGTACTCTTGGACGCTTCTCTTAATTATTCCCG,GO:0005488
TGCTTCTAACAGGTCCATAAAAATGGCATCTGAGCCGTAGCTCGCATCAGTCTATGGACTACCAAAAA,GO:0005575
GTAACAGGGTTGGTTCGAGCAGATTGCATTCTTCACCATAACTTCCACTGACGGGCCAATCCGTGTTGGCTCCAACAGCGACAGGTGCGTGGCGGCACGCTGTGGCCTTCGG,GO:0005488
CAGCGGGCCATCCCATCCGAAGAGGCATGGTCTTGGATATCTGAGTGCACAATTCATTTTACGGATGTCAAGGATTTAAGTGATGT,GO:0005575
GATCCGAATCCCTTGTTCATTCCGAATCTCGGCTCTAAGCTAGCCTACGTAACTGCTGGTAGTGTGTGATT,GO:0005575
CTTACCACCCTATTGTGAGGTGATCGCCTGAGAATGGTGCTCGATATTGAAACAGCTACTAATCTGTATGGATC,GO:0005488
GGGTAAATGCAGGCCGTGCCATTCTTCGCTTGTCAAAAGCTCGTAACGTTTTAAAAGCTATAGAAGAAGATTTTCCCATCGCGGTATTACGCGTCTGTACCGATTCGTTCTCA,GO:0008150
TCTTCTCTGATTACATTGGTCTGATAGTCACCCATTTGAGTGATTCCGGTAAGCATCCCTCG,GO:0003674
GTGTCCGCCCGCTGTACGTATATATAACCTGCGGCGTTACTTACGTTCACCCGCCCGCGGGAGGGGCGGTGTCACCGGAAAATACCTCGGACTCGCTTAAACCCTAGCGATGGTGCCGCGGACACGATACAGAACTTCG,GO:0005488
CTTTGTGCTACAAATCGCCACGATATGCCTCCCTCGATCGCAATGGTCCGGACGGTCCATCATACACTACACGCCGACTGTATTAGAACCTCACAAGGACAAGGGCTGGCCGCAGCTGCGAACGGGCCTTAGATAAGTATTATAGCGTTACCTACGCGGTGCGTGTTTCAGTTTC,GO:0003674
CGTGGCAGTGAACCCGCCCCTCACTCCCTCTAAAAAACAATACTTTTGAAAAAGCCCCGCGACCGTGTATAGTTTAG,GO:0003674
CCGTGTTGGGTCTCCATCCGCCTGGTTGGAGCATTTCAGTAGCATAACCGGCTGAACCGCAACGATTA,GO:0003674
GTGAGTGGATTCAGTGAGTAACCGGCATGGGTGACTGTCATAGCAAAGCGTATACCCCTGA,GO:0005575
CCAGATCGTACACTACCTCAGACTACAGAGTTTGATTGATTGATTGGCCTCGAAACACGTACACACATCTGTCTTAAGTTGCGTAGCTAGCACGGAGATTCGGGCAATAAT,GO:0008150
CGCCTGGAAACGTTTGAGGGAAATTAGAGTGACCCGCTAAATACGTATACCCGGAATTCACCAACCACGTATATCACACTAAGGTAACTTGTCCGCAAAGCGGGAACCCTAACGAGCGTGGTGCACGATTCGGGCCAGCAGTGAGTACATTGTCAAACATCCAAGCGGGCTTAACG,GO:0005488
TTTGAAATTCCGGGGATGAATATCCTCCGTTTGGCAGAGTTCGAGTGACCCCGGGACTGTTAATCTATCTTCTCAGCGTCAATTTCGCGGAATTATTATGTGGCAAACTCTTCGCGTGTAAAGGGCTCTAATGCTGCTGGAATCATGTACCCAGCAACCAGCAA,GO:0009987
CTACGTCGGCAAACCGCATATATCCTGCCGACAAGAACTATGTTTGAGGGCGGGTATATAGGAGCACAGGGACGTATTACAATATACCTTTATGGACTGGTGGAAATCACAGGCCGGAGTGGGTATCCCGGACCATGAGTAACGTGTGGCTAAAATCAGGATGTTCCGTCGATA,GO:0005488
GATAATAGTGAGAACTTTCTACGGAGCCATCTAACATGGAGTGATCGTCATCCGCATGCGAATTGAGTCGCTCCAAGTGGCTCGAGGTTTCCGACTCCATTATACATTGCGCTAATATCCAGACCAATAT,GO:0005488
TCGCACAAAGCGTTTCACACCGCGCCTGGTTACAACTGTGCGCAGTTAGAGTTGGGCTGTCA,GO:0005488
AGCTAAATCCGAATCACCAGCAATAACCTCGATTTTGCCTCTTATCAGGTAACTAGCCGTTCCCGCATGTCGGGGAGCCGTCAATTAGGCAGATAACGATCAGGCCTGCATCGAGGAAGGTCC,GO:0009987
CTCGTAATCATATCGCGCAACTCGCGGCGCTGTGTTGTAGTTAATCAGGGTAAAGCCCCTAGCCTCGTCGTAAGAGTCGGTCTAACTAATCGACATGGCGAATGACGTGTATGACAATCAGTACGTCTAACGTGTG,GO:0005575
CACCCATACCGGTCAACCGTCTGGCAACACTGGATACACTCCTTCCGAATATGGACGAGAGTCGCCTGTTACACTCATCT,GO:0005575
CTATGATATACCCTCGCCCTCTTACCGTGACCTCAGGTATCTCTATTACCGCATATTGTCTCCCTAGTTAAAGTGGTAAATCCGGCTCCAGTGCGAGCGACTGGTGGTG,GO:0005575
TAGCGCTTAATGTAGCATAAACAAACGCGACGCCTACAATCGCAGTTACGGCTGTACTCTTAGGAACCCACGTG,GO:0009987
GTCTACAACTTGGGGGGGTAACGGCTACGTTACCTCTCTGATTTCGCCTCGGATAATTTATTGGAAGGGTCGCCCGCTGGGGGCGTCATTTCCACGGTGGTA,GO:0005575
TCGGGTGTACCAAAACATGGGGCGTCTATCGCACGCCTCAAATTACGGCAGTGCTT,GO:0005488
ACTATCAGGTAAGATGTCGCGGAATACAGGGCAGTTTTGCTCACAAAGAGACTGTCACAGATCTGTTCCATATCCTAGATTTAAAGAATATAGACAAGCAAGCTATTAACAAGGAAACTTGACAATGGGATAGGTGACACGTTTT,GO:0008150
CAGTGGCTAAGCGCACTACTAGGGGTTATGTGAGGGGCAAAGCCAGCCGAGCGTTGTTGCGAACACGTTTTCCACTTATAAGTGTGTCCGCCACCTGGATCCCATTTGGCTCATATGACTGTAACAGGTTTATCAATTGGAAGGTACCGATATGGAAGCCTGAGGCACTTAG,GO:0009987
CGAGTAAAGTTTGCGTGCTGCGGCGCCCTATCTTTTTTCTCAAAGACCCCACGT,GO:0009987
AAAAAGCCACAGATGTCTGGGGATACCGTCCACAGCAGTTTGTGCGCCTATAAGACGACAGGGAGGGGCATATACGCAGTATACGGCTCATCCTAAGGTAAGTATAATATGTTTGGGAGTTCTTTTTT,GO:0003674
CGAAATTACTGTAGTTCTGGGCCGGTTACTATAATAAGGTTATTCTTGCGTTGCATGAGCCCTGTACTCTCGACTTCTACTGTTTGGGCCACATAAAGTAGACGGT,GO:0008150
ATAGCCCTGAGAAGTGTGAACAGAACGTATAACCTTATGCCACTGCTGACCCCGCTGGACTCTCCCACTGAGGTTTCGTCACACGAGTTGAGTCGA,GO:0008150
GCAGCGCTAAATGTCTTCCGTGGGTAAGCTACTTGCAGCATGAGACCTGTGTCGAGCGTAGGAATCACGTCTTGTAGAGAAATTAAACGTGTAGCGACACCATGTCAAGGGAGGTCCTCCAAATTGTCGGTTCAGGGTCGGCCCAGCATCTGCCACGGATCCGGGTTTATAGCATAATTGAGATTATGCCTTAATTAGAT,GO:0003674
TACCCAAGCCAATCGCGATGAATTACGTAACTTCGTGATGCGTATTTGGGCTAAT,GO:0003674
GAGCAACACAACGAAGATTATGGTGCATATAAGCCCTTATAGTGACTGGGCGGTTGCTCTGCTCATTAAAGTGATAACTTGTGGGGAGTAGGACGTAGACCA,GO:0008150
ATTCCGAATGTAGGCTCACAGCTTCACAGCTGAGCTGCGGCAAGAGAGAAGCTCCCCAGACTTTGGGGAGAATCCCTCGCGAACGGGACTGTCGGACTTTATAATAAGTTCGTATCAAACGTCCAG,GO:0009987
GACTATTGCAAATTCGGTCGTGGGTGAGTTCCGAGTTATTCGATTATTTAGTTCGTCAAATGGGCTCCCGACGGCCTCGCTGGGCGAAAGCAGGAGGCAGTATTTTGGT,GO:0005575
AATCTCACCTGTTGTGGTCATTGAGGTACAGGGCAAGCCAGTAGACGCCAATATACAAAGTTAGGCGCTCTCCAACGTCTCACCTAGCGTCGTAACCCCGCTAGTTAACCCAATTGGGTACCACGTA,GO:0008150
TCTTACTGTTGCAACTACCTGCACGCTATGTTAATTTGAGGGAAGTTGGTAGGAACCGGCCACATACCAGGCAGCGACGCCATTGCGGGTGAGTGCGGGACTTGACGTTCTCTCGGAGACTTGGAGTATCTTAATATCACATTAGAGCCGCCGATGGCCGGCGA,GO:0009987
CCTGTGTAGGTTCCAATAATCATTGTCGTCTCCTGAGTAAAATCGCGTCCAGCATGTAAAGTGTAATGCACAACCGAGGCACTGTAACATCTTCCACATACTATCATATGCAGGGC,GO:0003674
TTCCAAGCCGGGGATCAAGATGTCACGATCTTACCTTCTAGATGTAACTAGACTAGCGGTACATTTACACCAGGCTTGAAAAATTCGAAGTCGGTAATCGGTGCAGCACTCACCGAGACTATAGTTCCCGTAGAGAGACGGAATG,GO:0009987
TATGCCGTATGGACCATGTGGGTTTACGTACAAATGTGGCCGATTATCCATAAGATAA,GO:0008150
GAGCCGCTTACGTTAGGCGCATGCACCATGACTATAGAGTAGGTGGGTTCGAGAAACATCTT,GO:0008150
ATACCTGCTATGCGTAAACCGTTCCTGCGCTTATGTACTGAGACTGCATCAAAAGGTTGGAACGAACTACACAATTACACAGGTGGCCTGTTCCGAATAATCAATCATTCCGTCCTCGCCCTTTGCACCTGTAGGAAGGGTATAAGCGGCATCAGCCTGAGAGTCAT,GO:0005575
TTCGACGTGGGCTATCACATGGGGTGGGATGTCGCCCGTCCTATGTTACTTTCAGGAGCGTTGTGA,GO:0008150
GTAGATCTATGGGTGCGAGTCCTAGGTTCTGACCCGGCGCTAGTTTTCGGTGAATCTGAGGACTACCGCCGAACATGGGTCAAGATCCGTTTCCGGAGCGCGTGCTCCGCAAGCGAGGAACCTGACCTTCCTAA,GO:0009987
TGCTCGACTCCTGTAAGTACGGGGCCGATAAAAGTTTACAGGCTGCGGTGTCGCGCCCGGGTAGCCCATCATAGCTCGCTTAGAGGTAATCACCAGAAAATACCGATATTCGCTGTTACATTCCGAGTCTCTCTTCAAACCTCAATTTGAGGGGGAACAAGACCGGAATGTGATA,GO:0008150
TTTGCCAACTGCCATGAAAAGAAAAAGGAACAGTACTGTCGATGAACTGGGGTTAGGAATTACGGAGCCCCCAACTCCGGAGCGGACCCGCTTCACATTA,GO:0005575
AGGGACTCACTCAATGTGATCCGCTTAAGATTGCTTGCATGAGGATTTACTACTCTTTGCTACTACACGGTATGGACGATCACATCTAGCGAGCACGTGTAAGTGTCGGCTAAAATATGGCTTCTCCATGTTCTGCCTTTA,GO:0003674
AAGACCCGCTGTTTAGTACTAACAGTTCGTCAACATAGATTCCTAATTCACCACAACGCCATCTATCCTGAGACGGAAGCGGTATG,GO:0009987
ATCCTACTATCTGTTCACGGCGTGTGCCATGCATCGCGGATTCCTCGGGAAGG,GO:0005488
CCAGCTACTTTAAGGCTTCCTTCTTACATTTGGCGGGACGGCGGGTCTCTGAATTCTATCAATAATTCTGGCCGGTCGTAACACAAGAATAGTTGTAAATCACGTTCACATGAAGATCCTGCGGAAATATTGATATTGAAGAGGTCGA,GO:0009987
AACACGTTTTCCACCATGAGTCTCTCCGCAATCCCCTTGTTGGTTAGGACAGATCATCCGCTTGCGGGTACCGTATTTAGGATAGCTGACAGTTCCGTAGCGAATTCACATAGACGG,GO:0008150
TTGTAGTGGCGTTTCAAAGGCAAGTCGGCGTCCCTCCCGCGGTATACACTTATTTACGTTCGCTGCATGGCGGGTTCAAATTTTCTATTCGCGTATGCCGTACAACCTGACTCTACTTGACGCGTCTACTTAAGCCAATTCTACAAAGTATTGTCCGTGCCTTAGCCTTTCAC,GO:0003674
GAACTCAAGTCGGATCTATGTCAGGGGAAGCCCGTCTAATCCGAAACAATGCATATATTCGAGGACGAACGCAACGAGTGCATCCTATGGAGAGACTAAATCATGCTCGTGATGCATTGTGGACTATGGGCCGAAGAAGTCGTCGCGCA,GO:0008150
GCGGCCCAGGTGCCGTGACGCAGTCCTCACAGTTAAAGTCTGTGGGTGAACTGCCGTTGCCATCAATTGTTTCCATTTCTCGTGCCGATACAGTACTATCCAAACTTACACCTGCCCCTCATTCGCCGGGTACGAGGCCCTGTACTCGGTTAGAACAGAGAGGCAATCGGGCATCG,GO:0009987
CCCCCCACGCATGAAGGAATGCAAACATACAACCCCGGTGGGACGGAATACTGCTCATTCATGCAGCGTATGAATTGCAGCAACTGTGGGTCACCGAGTTATACGAATTGACCCATAGTGTTTCCTCAACTGTTGCATTGACCCTCGA,GO:0005575
CCGCTGGATCTTTGGACGGGAGAGGGTCAAGCTTCTCACATCGTGGGGAAAGAGACAGGCG,GO:0008150
AGGCTATGTTTAGACATTATCGACCTCGTTGGTATGCGATAGAAGTCTGCCACCAGCTTTTGCAACGCGGTGCAGAGCAAAATCATGCATGGCGACGCGAACACCTGTCTGTTTAGCATGACCCCTAAGACCCTAGTGACTGCAACTAATGCATCC,GO:0005575
ATGAAAATTGGAAAATAGGAAACGACCGTAACGCATCGCTTAGAAAGCATACCTGATCGAACAAACGGTTGACAGCACTATGCGGGTCCACAGCATGATCCCTTCAGTTATAGTGATCTACTTACCCGTTGGTGGTC,GO:0009987
TAAGTGCACACTATATTATACCTTAACTGTGTAGGCGTCTTTAATGACTCTTTACTTTCCGTATACGTTTAAGAAATGGCCAAGGAACTCGTGAGCGGAGCACTAAGGATTACACCCCGAAT,GO:0003674
TACGTAGCCCCAGTGGCCGTAACGTAGAGGGAAGCCTGCGAGCGAGACCCTAGGCGTGCAAGGCCCTGCCTGA,GO:0009987
TACTAAACAGTCGGGGGCTAGTCTCGACACTTGAACGCTAAATCAAGTTACCGTGATAATGGTGTGTCTATGGTTTGATTTCTACCCTTTGCCGAATAC,GO:0005488
TATCTCCTCCCCTTGCAAACCCTCATTGAATACTATCGGATTAGGATTTAAACGGCGTGTACACGGCTGCCCTTCTGGACCAATTCTCGTTGATTTTATCT,GO:0005488
ACGCATATCTTTTTCCGGAGGTAAAACTTAGAGATAGATGTGACAGGACTGAACCCCACCCCGGCTCATCACGGTACCGGGGTCGGGTT,GO:0003674
TGGGCGACCGTTAACCGATCTGTAGAAGTGAATACAACTAAGGCTAATTTCGCCCTGCTTTTGTTTTCGGAAGCGCGCTGGCCGGATTCGGAGCAGGTGTCGTATACTGGCCGTGGCGCCTCCGGACAAGGGACCCATAT,GO:0009987
TCCCCCCGTGGCTAGTGATTTCTCCGTTTGAAAAGACGAGTAAGTCATGCGACGCGTCGTCATTAGCGGGGCGTTGTCATTCGCATGCCTTACCGAGGAGGGAGGACGCAGGTGCGGTTAAGGTTGCCGATGGTGTAAGAAACGACAGCCTTGAGTCCCCATAGTACCC,GO:0005488
AGCTTTCTTGCCTTCCAAGGTAATGGCCCTTTGAGTCGTACCCAAGTTCCATGTGAGGCACTGTATTCTGTCAGGATTTAAGCAGGCTTTTAGGAGTGTT,GO:0003674
TAATTCATGTTGTTAAAAGCCAAGTCTTACGTTTCGCCTTCGGATTGGGGTTGAGGGTCAAGACTCACTGGATCGCGTTGATACGAAGTAGCAGTGTGCGGTTTAATGGCTACACGCTGCTACGCATTTGTATACACCATACATCCAGCAGCAGGC,GO:0008150
GTACGCGAGAGGCCGTCAGCGACGACCTTCCAAGTCATGCAAGCGCCTTATATCGGGTCATTGGGACTATGCTCACTAGAGTGCA,GO:0005575
CGTGATACTCCGCGTCGCTGTGACCCGAAGAAGCTGTTCTGCATGCTGCTCATTCGTCGGCAT,GO:0003674
TGAATTCCCAGTGGGGGGTTCGTAGACTAATCCGCGGTCCCCTATATGAGCTTAGTGCCTGATAAACTTCAACGTCTCATGCTCGACATGACGACGGGCTCATACTAAATATGTAATCACCTGATTTTGAATTTGAATGTGTGTACAGTTAATTAGGCCTGTGGGG,GO:0005488
CCTGCCCCGCGTTGTACTGGACTTAGTACATACGCAGGGAGGGAGAGACCCCGTAATGAATGCCTGGTGAAAAGTCACTTACTTGGTGAAG,GO:0009987
TAACTTGGACTTCCGGCCAGCGGCTGTAACGAAAACTCCGGGGAACTGTCAAATCAAACGAGTTCCAGACAACGTGTGAGAACGTCTTTGTCGGATACCGCTTGTAGTTGCGCGTGCTCTCGGCCATGAAGTACATACCCTCCTTCGTTTGAAGCTACAATCCTCCTG,GO:0005575
AAACGAGATAGTCTTACGAAGCGTGGTCTTAGTGCTGATAGGCCCTCTCACATAATGGAAAAGCGAGATTCCCAACTTTCGGCACTGCCTTCCGCCTCACCGTTTGCCACAATTCCCCACATACCACTATAGTAATTTATGGTAAGCAAT,GO:0008150
TGAGGCAATTTGCGGACGTCCTTGTAACATAGCGACAACCAAAGTTGACTTAACTGACGTTTCCCGAATTATTTGATCGTACATGGCCATATGAGCTGCTACACCTTAGCTCCATTGTTGTACCGGAGGTGACCTGGGGTGG,GO:0008150
CTCGCAGCGAACGAACGTTCTTCATCTGCTTCAATGCAAACTGACTGCACTTTCAACGTTTCATCGTATTTGATCACAGGATTGGGGTCACAGGCCTGTTTATCACGTATAACTGACGACCTCGAGTCTCTCTATGCTAGTCCGACAGTTGCCGCCCAGGCGAA,GO:0008150
GGCGCTGTCTGGCCATGAAATCAAATCGCTCGAGGCGAGACAATCCGTTAGTCCCTTGCTCACATCCACATGGCTAGTAGGTTACGTGACGGGCATCCAAAGGTAATCCTTG,GO:0009987
CGGGCTCCTACTTAATATAATCCTGGTCGCAATATTATATAAGCAGAGTATCTACTATGCTATTCGCACTATTACCAACTCTGTACAGCCGTATCCCTAAAGCCGTAATCTCCCGAGATGCGATGAGGACGAAACGATAAGGACTGTATCGATCCGCGACGGGGATCAATC,GO:0005575
TAGTGGGGGTCTCCAATCAGAGTACAAGGTTATGCGTAGAACGTGAATGATCGAACTATTCGCATGCAGTGACTGGATGTGTTTGCAAACTGGCTCATGCTGAAAGGAAACATAAGTGACCGAAGACT,GO:0003674
TCACAAGAGAGGGAGTCGCATACCCACGAATGAGGCGAGGTAACTCCTGGACTCGTTGTCCTTAGTAATGGGATAAGTGAGTCCTATTACCTCCAGCAACCGCTGCCCACGGCGCCGGGAGCAAATGTAATTAGAAGTTTTGCTAACATCAACAT,GO:0008150
TCGACTAGATTCAATAAGGTACCAGTTGTGCACGAAGCGTCTACTCTGCCCATAGTATCCAGATGAGATATAAGATCGGCTTTACTACTATCTCAGGATTTCTTTCGCTACACCTCTTCGT,GO:0009987
GAAGCAGGTTGCTATGGTTTAATACCTAAGTAATTGATTAACGCTATTGT,GO:0005488
ACGTACAGCACAATAAAACATAGGGCATTACCTCCATGTGCGTAAGGGTTCCACGTTAACATGTGCGTGGCACTGTCATGAAAG,GO:0008150
CTGCGACACAGTGCTATAACATCTATCACGTCAGTCGGCAAACACCATTCCTAAGGGAGCCCCCTTGTCGCACTCCGTGGTTTTTAAGAACTAATAAAGTCGTCGGTCGGCCAAATTGCTATCCACCAGTGGGCGGGACAAGGACGAAATTGGGTTACCATCTAGCGTAAATCTGTCCGGGTCTAGGGCTGTT,GO:0008150
TGTCGAGTTGCGGAGCCACTACAGCTTGTGTAAATCCATACAAATTCGCATCCTGGTCTTGCGCGCTGGATGGGATAATGATGATTACTATCGACGAAGAGTCCC,GO:0008150
GCTCGGTATCGAGTGATGCTTCCACACGGGCGTATCAACGGCTTAGGCAATAACCCGCCTTGACAGGC,GO:0008150
CCACTTTATGTGCTACGCGCCGGCATCTGTCATCTATGTGACTGGCCACCAAGTCTTCCGTATATGTTAGGTAGAAGTCACAGACAATAACTTAGCTGCCCACAAAGCCTTCTTTTCGGCCTAAGTGAAAACCTGTCGTAAGGACAAGTATTGCAGGCGTCATCCGACGCATCCTATCTGACCGACTACA,GO:0008150
AGCAACCACTCGGGAGGGGGAACTAGCCTACCAGCATCGAGAACCGTCAGAGAAACCATTCGCAAGTGACGCTGGATCTCGTCCCATTAACGGTGCTCATGCCCGATTAAAGCTTTGACCGACTCCCCGATATGTGATCGCGACGTGCCCTTAAAACAATTAGAAGGATTACTGAACGCA,GO:0009987
TGGTGGAGTCTGTTGGAAGATGAAATTGGTATTTTTGCCCACTGTGATCTCTAATTTCGTCAGCGTACAGCGCTACTCACTGTAGTTATAGACGTCTTTCGCGTGTAACGGAGTCAGTCTATCACTGTGCGTATTTGCTCACTTACTCCTCGGACGAATCTCACCC,GO:0008150
AATGTACCGACCAAATACGTCTTTAGCGCTTTCTGATAGCTCGGGTTCCTGGCATACGTTGGGAGCAACAAGAAGACTCAACACACTTCTTTCTGCAGTGGTGAGTCGTCGTTGGCAATGATTCATTATACAGTTAAATGGGTGGCAGTAACGACGTCGGTGTTTAGCGAAT,GO:0003674
TCGTCACATACCTAGTTTTTATGTTCGGAGCATATTCGATTCAATGAGTTATGGAATCTATACACCACGCGGCATGTCGCCCAGGGGGCAATTAGTCTTCACTCAGATTGGCTCAGTGTGG,GO:0005488
GGGGATTATTACGCTATTCACAGTACATAAGACCGACCCAAGACGCCTTGGGATAGGTGCTGGACGGGGCACCTAGGTATCTCCCTTGCCTCAGTTATGTTCTGGAGATGAAGCCCTTTTTATTGCTTATCACGTGCGCGGTCGCACTAGCATGCCGAGCTATAGCGAGGCACACC,GO:0005488
CGATAGTTGCGCCGCCACAAGGCAGCTCTGGGAAGAATGTGTGAGCACGGCGTTATATTTATACGGCCAACGAGTCTGCTTTAGATGTATTAGAA,GO:0008150
CCGTACGTGATCGGGGCAGATCTCTGTCCTGAGGTTTCTCACTTCAGGGATCGCTGGCCCCGCCGGCTGAGTTAGCGTGTATTTGCAGGCCTCAGCACGTGAATGACATTTTTCTGATTGGTGGAGGATA,GO:0009987
GTCTCGTAGGGCATAGACAAGTTGTGATGCTAGATCAGAGCTCTCCAGCCTGCTAGTAGAATCTGTGTCAAACAGTCAATTAGGAAACGCAATGGCCATTCGGGTCACAGCCGGGACACACGAAATGCATCCGGTCCTGTTGCCCTTTGACCTCGGAACAGGGT,GO:0008150
CGTGTCCTAAACCAGTGACTCTCTAAATCCCTCCGTCGGTAGTGTGTTGCTGTTCGCGTGACCTTTCTGTGACTCTACGGGTACTTCATGGCGAATCTGTGCGTACC,GO:0008150
ATACTACAGGCGCCAGGAGTTATTATCATAGAGCGTTATCCACGTCTAGGCCAGTCCTCAGGGCCGTTCTTACGCGTTCATAGTGAGCGCACTTTCGGGGCCCGGCGCGAATTAGAGTCGTTGCCGACTCTTTCCAAGGGTCAACACCCTCGGTCGTCTTATCACCTGCCAACTGGACGCTCAACATAT,GO:0003674
CCGCCATCAGTCGACTACCACACGTGCATCCGAACTGGGTCCGACTCCATAAGGACCCCGGTACCGTCCTTGGACACGGAAGGACGGCTAATGGA,GO:0008150
TGTCGCCAGCTATGTCAGAGTATGTTTTAACTCATGTTTAGACTGACGGGCGTACCCCAGAGCAGTGCTAATGCAACACCGGAAGAAAACGGAGGTCCATG,GO:0003674
TTCGGGGTGTTATCGGTTTGTCTCTATAGGCCCACTCCTAATGTTTATTTATTGAAAAGTGACTCACACTGTGTAACGCAACAAAGTTACTGGGTCTAGGTCGTC,GO:0008150
AACCTAGTCCCAGCGTGCGCTGAACTCGGCGACGAAGGCAACTTGCCACCTCTACTCGTAGCGCTCACACAGTCTCCGGACTTTCCTCTGCGGGAGCGTCGAGTGTCACTTCGCCACCTCTTAGGATTCAAGAGTAAATCATTTATGTTGTAAAATAGGTCTGACGGCACCAGCAC,GO:0003674
AGTGACCATACAAGTCTATCTGCGGTAACTAGCACTTGGTGACGGCGCTGTAATATTCTGGTGCGTTGTGAGGTTACCCGTCAGTGAAATTATGTTCAAAGGAGGCACAAAGTCATCAGCCAGCAGCCAAGGACAAATAAGACG,GO:0008150
TAAATTCCCAATGAGTGTAAATGACGAGATGGAGCGCCGGAACTCGCAGTAGTAAGCGATTC,GO:0003674
CTCTAGCGTTATTCTGATCTTGGACGTGAAGCCAATGTACTTATCATTGTATCTTTTCGCCTAAAAGGCCCCCATGCCCAGGGCACACGTACATCG,GO:0003674
CACGCTAGTTCCCTCGCACCTTGCTACTCCTCTGGGTCACCTATCTTACCCCAAAGACCATGTGACCGATGTGGCCTCGATCAAACTTATGAGCTGGTACATTCGTTTGTCTGTTCCTGCATCCCTTGTCTCGAAATGCCTCGTACATTG,GO:0008150
AAACAATACATATGAATAGTCGCCAAGTTACGATAAGACGCGCACGGGACGTAATGGTGCCGTGTGTCGAATACGAGCGCCTGATCAAGAAAGGGAATGTACCTAACGTAAATTCCGGAGGAAATGTAACTTAAAAAACTTCTCAGGCGTCTTCGTACTTCTACATGTGGCTGT,GO:0008150
ATTCCGCGTCTGGCTGCACAGGATGGGCGAGCTTTTCGGCGGGTTTGCGCATCGGCTGTCT,GO:0008150
CCTAGTTGTCTTGCGCCAGTGCCCATGTCCGGGTTATGTCCCTATTTCGAGAGAAAGCAGGGGCGTCACGTTGACTTACCTACTCGCGACTTGACGCCCACCGGACGTAAAAAGAGGAAGACG,GO:0003674
AACGACAGAACTATGTGGACAAGGACTTTGGTACACAATTGAATCGTGGCCTAACTTTGTCTGAAAGCGGAATGTGAGCCAGCCCACTGATGCACCCGGACGCGGCTTCACCGCACGGGGTTCATCCGCTGTACACACTGTATCCGGAGTCCTCTGAAAGGATCCCGAACAAGCGATGAA,GO:0008150
GCTTGACTGCGAACTCTGACATCGGGCAGGAGTTAGCTATTCCTCACGGGACTCCAAGGTTTAACAAAAGGCTATGGACTGGGGGAGTAGACTTCTCAGGTGAG,GO:0005488
ATCCGATCCCTAGAGAGACCCCCGCTGACAGCATCTTCGTTCCTACGGTTGACAGAATATTATCTGCGTCGAGTTTGAAAGGTATGTCATTAAATATTGAGTTGAAGG,GO:0005488
TAAGGGAAAGGTTAGGTACCACTTAAGCCAATGGGTGGTCGCCTTGTTTCTCAAGGCTTTCATCATAGCTAAGATACCTTGTCGAAGAACGCTGAGATGACGGTTAATACAGCGTGCACTTG,GO:0003674
TAACCCGGACGGAGTACGAACTAAGTTTTCTTCTCTGCGTAAGGATGCCACTTCTCTGTTCTCCGGTCTCCTGAGGACTCTGATACTAAAGTACCGTTGGGTGTCC,GO:0009987
CGGACAATAAATGCTGCGCGAGCGTAGGTTCTAATCACTCGTTGTACGTACAAGTATCCCCGCAACGAACTACGTTATAAGCTTATAACGCTGTGAATTTTGCGATGAGACGACTAATCATCGGTGAGTAGGAGTTACACATTCGCGGTGTTGTACATTCGGCCGAGTTAGATTGACG,GO:0009987
TACATCCTGAAACCTAAGCATACCATAAATTTTCGTATCGAGGAGAAGGCGCCGGGCGCCACTTGTCACGACTAGTCTCTCGACCTTGCGCGCGCAACGTATAGTAGGGCAAATTCACGCTTAATCCCACCAGCGA,GO:0005575
TATCCTCACGCCTTTCAAAAGGTGGGTTCAACCGCAATGCTGCAGGACCCCAAATCGTCCACGAAGGCCTCCTTAAATATCGTGGTCT,GO:0005488
GTACAATCGGCAGATTGAACTATACGTTGCGTGCATGTAACAGCGTAGGTCTTGTAATAGCCTGAGGCTTTACAGGTTGGTCGTTTC,GO:0005575
GAGAGACAGCATGCTGGGGCAAGCACATGGACAACCATGTACTGTAGTCTAGGGTAAGTGGCTGGTGAGTATGGAAGCGCACCTGAAGAATGACTAGAAATGCTAACTACGGCCGCGAGTATAAGGGATAACCGCAAGCCCTACTCAAGATTGTTTGAAGTACTCGGGCCA,GO:0005575
ACGCTAAGGTTACATTGGGTTTGTGGACCTTTTGAAAACCCTTCAAAGGTGAGAAGAGTCCGCGGTATGTATTTGGCGTCGCGAAGACGTACGTTTCCGGTGGACACGAAGCGCGATTCTATTCGCCCCGATAATTTCACCCCTGAGCATCAGTGCCGTTAGTCTCCGTGGAGATATTGCCCGGTAGGGGTCAAT,GO:0005575
TTACACCTGTCCATAGCATCTAGGGTCACAGACTCACTGCCTAGAACGTTAGTACAACACACGCATCACCGTCCTGGCCTTTACGGCGACTCACCAGCCAATGCTTGACTCAGTCGAGACTAAAGGACGCCCGAACGCATAGCCCTTGTCGCATGAGTGCGGAAGAGCTACCAAAG,GO:0003674
ACGAGACTAGGCGGTGCACCTCAGTAGTTGCTTTCTACGTTGCTTATGAAACCTGGCGTTGTTGGCATCGTTTAGGTCGGCACCTCGCGGGGGGAGTGCAATTATGTTTTTGAGC,GO:0008150
TGCCGGTGGTGAAACATCATGGTGATGACAACAATTTGGTACCCTGCTAAGATATACTGTTCGATACATAAACGCTCACGTGTCTTGAAACATCAGTATGAAGTGAAGTTACCACAGGTTCTCCACGCTGCTCTCGGACAGACACTACGTAGTCTGGACCATAGTTTTC,GO:0008150
ATCCCCTTGCGCAAAAAATAGATCTGGGCGGTTACACCAGTACCGCATCTCCTCTCGTAGGTGGCGGAAAGGAATAGGCCGGCTCGCTATGGAAATTTAGGCATAATAGACGCAG,GO:0009987
AAGTGACAGATCAGATCGTATTGGTGCGTTATGGTTACGCCGCCAGGTTATT,GO:0005575
TTCCATCCGCTGAGCGTGATAGTCCTAAGCATAGGTTCTACGGGTCTTCCGTAACGAGCCCCCCGCAGCGCAATGCCCTGACACGCTGAGTAGAAATCCGGATCAAATCAAA,GO:0005575
CTATCTTGTGATGCTTTTCTGGACCCAACAGGTGCGTTTGGCGCACCAGAGGCAGGATTGACGTCCAGACGAGTCGCGTCCACAGGTAGGAAGACCGGCCGGTAACAATAATACTTACGTGCCTATCACCTGTTTGATGGATGGCTGCATACACAGC,GO:0005488
GGACGCGCGCCGTGATGCAGCCATAAAACACCGATATAGGCTTGTGAGGCAGTTATTCCCTGATAACGCTAGCAATGCAAGGCTGGTCATAGAGGAACCGCATAGAGCCCGAGGTC,GO:0009987
